,Artist,Name,date,price,comments,repeat_sale
0,Francis Bacon,Three Studies of Lucian Freud,11.12.2013 ,"142,404,992 ",in 3 parts ,0
1,Edvard Munch,The Scream,05.02.2012 ,"119,922,496 ", ,0
2,Pablo Picasso,"Nude, Green Leaves and Bust",05.04.2010 ,"106,482,496 ", ,0
3,Andy Warhol,Silver car crash,11.13.2013 ,"105,445,000 ",Double disaster in 2 parts ,0
4,Pablo Picasso,Garçon à la pipe,05.05.2004 ,"104,168,000 ", ,0
5,Alberto Giacometti,L′homme qui marche I,02.03.2010 ,"103,689,992 ", ,0
6,Alberto Giacometti,Chariot,11.04.2014 ,"100,965,000 ", ,0
7,Pablo Picasso,Dora Maar au chat,05.03.2006 ,"95,216,000 ", ,0
8,Gustav Klimt,Portrait of Adele Bloch-Bauer II,11.08.2006 ,"87,936,000 ", ,0
9,Mark Rothko,"Orange, Red, Yellow",05.08.2012 ,"86,882,496 ", ,0
10,Francis Bacon,"Triptych, 1976",05.14.2008 ,"86,281,000 ", ,0
11,Barnett Newman,Black Fire I,05.13.2014 ,"84,165,000 ", ,0
12,Vincent van Gogh,Portrait du Dr. Gachet,05.15.1990 ,"82,500,000 ", ,0
13,Andy Warhol,Triple Elvis,11.12.2014 ,"81,925,000 ",Ferus Type ,0
14,Francis Bacon,Three Studies for a Portrait of John Edwards,05.13.2014 ,"80,805,000 ",in 3 parts ,1
15,Claude Monet,Le bassin aux nymphéas,06.24.2008 ,"80,549,392 ", ,0
16,Pierre-Auguste Renoir,Au moulin de la Galette,05.17.1990 ,"78,100,000 ", ,0
17,Sir Peter Paul Rubens,The Massacre of the Innocents,07.10.2002 ,"76,671,280 ", ,0
18,Mark Rothko,No. 1,11.13.2012 ,"75,122,496 ",Royal Red and Blue ,0
19,Mark Rothko,White center,05.15.2007 ,"72,840,000 ","Yellow, pink and lavender on rose ",0
20,Andy Warhol,Green Car Crash,05.16.2007 ,"71,720,000 ",Green Burning Car I ,0
21,Vincent van Gogh,Portrait de l′artiste sans barbe,11.19.1998 ,"71,502,496 ", ,0
22,Amedeo Modigliani,Tête,11.04.2014 ,"70,725,000 ", ,0
23,Francis Bacon,Portrait of George Dyer Talking,02.13.2014 ,"69,625,144 ", ,1
24,Andy Warhol,Four Marlons,11.12.2014 ,"69,605,000 ", ,0
25,Cy Twombly,Untitled,11.12.2014 ,"69,605,000 ", ,0
26,Amedeo Modigliani,Nu assis sur un divan,11.02.2010 ,"68,962,496 ",La belle romaine ,1
27,Mark Rothko,Untitled,05.13.2014 ,"66,245,000 ", ,0
28,Qi Baishi,Eagle standing on pine tree,05.22.2011 ,"65,532,112 ", ,0
29,Edouard Manet,Le Printemps,11.05.2014 ,"65,125,000 ", ,0
30,Andy Warhol,Men in Her Life,11.08.2010 ,"63,362,500 ", ,0
31,Andy Warhol,Race Riot,05.13.2014 ,"62,885,000 ",in 4 parts ,1
32,Wang Meng,Landscape,06.04.2011 ,"62,118,992 ", ,0
33,Vincent van Gogh,"Nature morte, vase aux marguerites et coquelicots",11.04.2014 ,"61,765,000 ", ,0
34,Clyfford Still,1949-A-No. 1,11.09.2011 ,"61,682,500 ", ,0
35,Paul Cézanne,"Rideau, cruchon et compotier",05.10.1999 ,"60,502,500 ", ,0
36,Kasimir Severinovich Malevich,Suprematist Composition,11.03.2008 ,"60,002,500 ", ,0
37,Jeff Koons,Balloon dog,11.12.2013 ,"58,405,000 ",Orange ,0
38,Jackson Pollock,Number 19,05.15.2013 ,"58,363,752 ", ,1
39,Andy Warhol,Coca-Cola,11.12.2013 ,"57,285,000 ",3 ,0
40,Juan Gris,Nature morte à la nappe à carreaux,02.04.2014 ,"57,006,496 ", ,0
41,Mark Rothko,Untitled,05.15.2014 ,"56,165,000 ","Red, Blue, Orange ",1
42,Roy Lichtenstein,Woman with Flowered Hat,05.15.2013 ,"56,123,752 ", ,0
43,Pablo Picasso,Femme aux bras croisés,11.08.2000 ,"55,006,000 ", ,0
44,Claude Monet,Nymphéas,06.23.2014 ,"53,982,180 ", ,1
45,Vincent van Gogh,Irises,11.11.1987 ,"53,900,000 ", ,0
46,Alberto Giacometti,Grande tête mince,05.04.2010 ,"53,282,500 ", ,0
47,Francis Bacon,Study from Innocent X,05.15.2007 ,"52,680,000 ", ,0
48,Amedeo Modigliani,Tête,06.14.2010 ,"52,327,264 ", ,0
49,Francis Bacon,Triptych 1974-77,02.06.2008 ,"51,893,420 ", ,0
50,Pablo Picasso,Les Noces de Pierrette,11.30.1989 ,"51,650,000 ", ,0
51,Pablo Picasso,Portrait d′Angel Fernández de Soto,06.23.2010 ,"51,373,652 ", ,1
52,Mark Rothko,No. 15,05.13.2008 ,"50,441,000 ", ,1
53,Alberto Giacometti,Grande tête mince,11.06.2013 ,"50,005,000 ",Grande tête de Diego ,0
54,Pablo Picasso,Femme assise dans un jardin,11.10.1999 ,"49,502,500 ", ,0
55,Jean-Michel Basquiat,Dustheads,05.15.2013 ,"48,843,752 ", ,0
56,Henri Matisse,"Nu de dos, 4 état",11.03.2010 ,"48,802,500 ",Back IV ,0
57,Pablo Picasso,Le Rêve,11.10.1997 ,"48,402,500 ", ,0
58,Raphaël (Raphaël Urbinas Sanzio),Head of a muse,12.08.2009 ,"48,033,684 ", ,0
59,Raphaël (Raphaël Urbinas Sanzio),Head of a Young Apostle,12.05.2012 ,"47,863,100 ", ,0
60,Pablo Picasso,Self Portrait: Yo Picasso,05.09.1989 ,"47,850,000 ", ,0
61,,Rome,12.03.2014 ,"47,594,196 ",from Mount Aventine ,0
62,,Abstraktes bild,02.10.2015 ,"46,297,640 ", ,1
63,Mark Rothko,No. 11,11.12.2013 ,"46,085,000 ",Untitled ,1
64,Norman Rockwell,Saying grace,12.04.2013 ,"46,085,000 ", ,0
65,Henri Matisse,"Les coucous, tapis bleu et rose",02.23.2009 ,"46,055,344 ", ,0
66,Li Keran,Mountains in red,06.03.2012 ,"46,030,324 ", ,0
67,Francis Bacon,Second Version of Study for Bullfight No. 1,11.14.2007 ,"45,961,000 ", ,0
68,Francis Bacon,Three studies for portrait of George Dyer,06.30.2014 ,"45,488,328 ",on light ground in 3 parts ,0
69,Pablo Picasso,Nu au fauteuil noir,11.09.1999 ,"45,102,500 ", ,0
70,,Modern Rome - Campo Vaccino,07.07.2010 ,"45,099,024 ", ,0
71,Mark Rothko,No. 21,11.11.2014 ,"44,965,000 ","Red, brown, black and orange ",0
72,Francis Bacon,Seated Figure,11.12.2014 ,"44,965,000 ", ,1
73,Pablo Picasso,Femme assise près d�une fenêtre,02.05.2013 ,"44,964,024 ", ,1
74,Roy Lichtenstein,Sleeping Girl,05.09.2012 ,"44,882,500 ", ,0
75,Francis Bacon,Figure Writing Reflected in Mirror,05.09.2012 ,"44,882,500 ", ,0
76,Georgia O′Keeffe,Jimson weed/White flower no. 1,11.20.2014 ,"44,405,000 ", ,1
77,Barnett Newman,Onement VI,05.14.2013 ,"43,845,000 ", ,0
78,Andy Warhol,200 one dollar bills,11.11.2009 ,"43,762,500 ", ,1
79,Claude Monet,Nymphéas,11.07.2012 ,"43,762,500 ", ,0
80,Andy Warhol,Statue of Liberty,11.14.2012 ,"43,762,500 ", ,0
81,Roy Lichtenstein,I can see the whole room!... and there′s nobody in it!,11.08.2011 ,"43,202,500 ", ,1
82,Francis Bacon,Self Portrait,06.21.2007 ,"42,957,148 ", ,0
83,Gustav Klimt,Kirche in Cassone - Landschaft mit Zypressen,02.03.2010 ,"42,944,776 ",Church in Cassone - Landscape with cypresses ,0
84,Francesco Guardi,"Venice, a view of the Rialto Bridge, looking north",07.06.2011 ,"42,913,160 ",from The Fondamenta del carbon ,0
85,Roy Lichtenstein,Ohhh...Alright...,11.10.2010 ,"42,642,500 ", ,0
86,Amedeo Modigliani,Jeanne Hébuterne,02.06.2013 ,"42,347,128 ",Au chapeau ,1
87,Xu Beihong,Cultivation on the Peaceful Land,12.05.2011 ,"41,899,616 ", ,0
88,Paul Cézanne,Les Pommes,05.07.2013 ,"41,605,000 ", ,0
89,Pablo Picasso,Nature morte aux tulipes,11.08.2012 ,"41,522,500 ", ,1
90,Claude Monet,Le Pont du chemin de fer à Argenteuil,05.06.2008 ,"41,481,000 ", ,1
91,Andy Warhol,White Marilyn,05.13.2014 ,"41,045,000 ", ,0
92,Pablo Picasso,Au Lapin Agile,11.15.1989 ,"40,700,000 ", ,0
93,Pablo Picasso,La lecture,02.08.2011 ,"40,663,652 ", ,1
94,Edward Hopper,East Wind Over Weehawken,12.05.2013 ,"40,485,000 ", ,0
95,Gustav Klimt,Litzlberg am Attersee,11.02.2011 ,"40,402,500 ", ,0
96,Jackson Pollock,Number 4,11.13.2012 ,"40,402,500 ", ,0
97,Franz Kline,Untitled,11.14.2012 ,"40,402,500 ", ,0
98,Vincent van Gogh,"L′Arlésienne, Madame Ginoux",05.02.2006 ,"40,336,000 ", ,0
99,Paul Gauguin,L′homme à la hache,11.08.2006 ,"40,336,000 ", ,0
100,Gustav Klimt,Birch Forest,11.08.2006 ,"40,336,000 ", ,0
101,Egon Schiele,Häuser mit bunter Wäsche,06.22.2011 ,"40,030,520 ",Vorstadt II Houses with laundry Suburb II ,0
102,Pablo Picasso,Tête de femme,11.06.2013 ,"39,925,000 ", ,0
103,Vincent van Gogh,Sunflowers,03.30.1987 ,"39,663,460 ", ,0
104,Francis Bacon,Study of Nude With Figure in a Mirror,02.27.2008 ,"39,322,288 ", ,0
105,Paul Gauguin,Te poipoi,11.07.2007 ,"39,241,000 ",Le matin ,0
106,Fernand Léger,étude pour �la femme en bleu�,05.07.2008 ,"39,241,000 ", ,0
107,Paul Gauguin,Maternité,11.04.2004 ,"39,208,000 ",II ,0
108,Pablo Picasso,Acrobate et jeune Arlequin,11.28.1988 ,"38,532,448 ", ,0
109,Paul Cézanne,La montagne Sainte-Victoire,05.07.2001 ,"38,502,500 ", ,0
110,Andy Warhol,Self-portrait,05.11.2011 ,"38,442,500 ",in 4 parts ,0
111,Andy Warhol,Four Marilyns,05.16.2013 ,"38,245,000 ", ,1
112,Edvard Munch,Vampire,11.03.2008 ,"38,162,500 ", ,0
113,Ernst Ludwig Kirchner,Berliner Strassenszene,11.08.2006 ,"38,096,000 ",recto; Bäume verso ,0
114,Constantin Brancusi,Madame L.R.,02.23.2009 ,"37,435,600 ",Portrait de Mme L.R. ,0
115,Raphaël (Raphaël Urbinas Sanzio),"Portrait of Lorenzo de′ Medici, Duke of Urbino",07.05.2007 ,"37,320,048 ","1492-1519, three-quarter-length, holding a gold box ",0
116,,"Domplatz, Mailand",05.14.2013 ,"37,125,000 ","Cathedral Square, Milan ",1
117,Edgar Degas,Danseuse au repos,11.03.2008 ,"37,042,500 ", ,1
118,Andy Warhol,Double Elvis,05.09.2012 ,"37,042,500 ",Ferus Type ,0
119,Francis Bacon,Portrait of Lucian Freud,02.10.2011 ,"36,999,812 ",studiesin 3 parts ,0
120,Paul Cézanne,Nature morte aux fruits et pot de gingembre,11.07.2006 ,"36,976,000 ", ,1
121,Joan Miró,Peinture,06.19.2012 ,"36,955,820 ",étoile Bleue ,1
122,Yves Klein,Le Rose du bleu,06.27.2012 ,"36,764,976 ",RE 22 ,0
123,Claude Monet,Nymphéas,06.19.2007 ,"36,659,600 ", ,0
124,Yves Klein,FC1,05.08.2012 ,"36,482,500 ",Fire Color 1 ,0
125,George Stubbs,"Gimcrack on Newmarket Heath, with a trainer, jockey and stable lad",07.05.2011 ,"36,101,240 ", ,0
126,Jasper Johns,Flag,11.11.2014 ,"36,005,000 ", ,0
127,Sir Lawrence Alma-Tadema,The finding of Moses,11.04.2010 ,"35,922,500 ", ,1
128,,"Giudecca, La Donna della Salute and San Giorgio",04.06.2006 ,"35,856,000 ", ,0
129,Claude Monet,Le grand canal,02.03.2015 ,"35,633,680 ", ,1
130,Claude Monet,"Waterloo Bridge, temps couvert",06.18.2007 ,"35,462,000 ", ,1
131,Andy Warhol,Coca-cola - 4,11.09.2010 ,"35,362,500 ",Large coca-cola ,0
132,Georges Seurat,"Paysage,L′Ile de la Grande-Jatte",05.10.1999 ,"35,202,500 ", ,0
133,John Constable,The Lock,07.03.2012 ,"35,183,392 ", ,1
134,Jean-Michel Basquiat,Untitled,05.13.2014 ,"34,885,000 ", ,0
135,Pablo Picasso,Le repos,05.02.2006 ,"34,736,000 ", ,0
136,Francis Bacon,Self-portrait,06.30.2008 ,"34,498,968 ",study; in 3 parts ,0
137,,Abstraktes Bild,10.12.2012 ,"34,165,172 ", ,1
138,Jeff Koons,Jim Beam - J.B. Turner Train,05.13.2014 ,"33,765,000 ", ,0
139,Claude Monet,Alice hoschedé au jardin,11.04.2014 ,"33,765,000 ", ,1
140,Mark Rothko,Untitled no. 17,05.11.2011 ,"33,682,500 ", ,0
141,Jeff Koons,Tulips,11.14.2012 ,"33,682,500 ", ,0
142,Francis Bacon,Portrait of Henrietta Moraes,02.14.2012 ,"33,664,120 ", ,0
143,Henri Matisse,"L′Odalisque, harmonie bleue",11.06.2007 ,"33,641,000 ", ,0
144,Lucian Freud,Benefits Supervisor Sleeping,05.13.2008 ,"33,641,000 ", ,0
145,Francis Bacon,Study for Self-Portrait,06.27.2012 ,"33,619,208 ", ,0
146,Edouard Manet,"Portrait de Manet par lui-même, en buste",06.22.2010 ,"33,296,082 ",Manet à la palette ,1
147,Rembrandt Harmensz van Rijn,Portrait of a man with arms akimbo,12.08.2009 ,"33,274,996 ", ,0
148,Francis Bacon,Self-Portrait,11.14.2007 ,"33,081,000 ", ,0
149,Gustav Klimt,Apple Tree I,11.08.2006 ,"33,056,000 ", ,0
150,Claude Monet,Bassin aux nympheas et sentier au bord de l′eau,06.30.1998 ,"32,991,502 ", ,0
151,Canaletto,"Venice, the Grand Canal, looking north-east from Palazzo Balbi to the Rialto Bridge",07.07.2005 ,"32,648,762 ", ,0
152,Alberto Giacometti,Diego en chemise écossaise,11.05.2013 ,"32,645,000 ", ,0
153,Jackson Pollock,Number 16,11.12.2013 ,"32,645,000 ", ,0
154,Andy Warhol,Self portrait,05.12.2010 ,"32,562,500 ", ,0
155,Andy Warhol,Double Marlon,05.13.2008 ,"32,521,000 ", ,1
156,,Abstraktes Bild,02.13.2014 ,"32,293,282 ", ,0
157,Camille Pissarro,"Le boulevard Montmartre, matinée de printemps",02.05.2014 ,"32,098,220 ", ,0
158,Willem de Kooning,Untitled VIII,11.12.2013 ,"32,085,000 ", ,0
159,Pablo Picasso,Les femmes d′Alger,11.10.1997 ,"31,902,500 ","Version O"" ",0
160,Roy Lichtenstein,Seductive Girl,11.12.2013 ,"31,525,000 ", ,0
161,Pablo Picasso,Le sauvetage,05.07.2014 ,"31,525,000 ", ,1
162,Andy Warhol,Liz #3,11.11.2014 ,"31,525,000 ",Early colored Liz ,0
163,,Abstraktes Bild,11.12.2014 ,"31,525,000 ",648-3 ,0
164,Mark Rothko,Untitled,05.12.2010 ,"31,442,500 ", ,1
165,Clyfford Still,1947-Y-No. 2,11.09.2011 ,"31,442,500 ", ,0
166,Gustav Klimt,Houses at Unterach on the Attersee,11.08.2006 ,"31,376,000 ", ,0
167,Amedeo Modigliani,Jeanne Hébuterne,11.04.2004 ,"31,368,000 ",Devant une porte ,0
168,Amedeo Modigliani,Le Fils du concierge,11.07.2006 ,"31,096,000 ", ,1
169,Pablo Picasso,Mousquetaire à la pipe,11.06.2013 ,"30,965,000 ", ,0
170,Amedeo Modigliani,Portrait du sculpteur Oscar Miestchaninoff,11.06.2007 ,"30,841,000 ", ,1
171,Pablo Picasso,Femme accroupie au costume turc,11.06.2007 ,"30,841,000 ",Jacqueline ,1
172,Edvard Munch,Girls on a Bridge,05.07.2008 ,"30,841,000 ", ,1
173,Claude Monet,Le Palais Contarini,06.19.2013 ,"30,836,572 ", ,1
174,Ed Ruscha,Smash,11.12.2014 ,"30,405,000 ", ,0
175,Henry Moore,Reclining Figure: Festival,02.07.2012 ,"30,127,386 ", ,1
176,Andy Warhol,Six self portraits,05.14.2014 ,"30,125,000 ", ,0
177,Cy Twombly,Untitled,02.11.2015 ,"29,988,256 ",New York ,1
178,Johannes (van Delft) Vermeer,A young woman seated at the virginals,07.07.2004 ,"29,934,770 ", ,0
179,Francis Bacon,Untitled,11.13.2012 ,"29,762,500 ",Pope ,0
180,Gino Severini,Danseuse,06.25.2008 ,"29,600,370 ", ,0
181,Paul Cézanne,Bouilloire et fruits,12.07.1999 ,"29,466,720 ", ,0
182,Jean-Michel Basquiat,Untitled,11.12.2013 ,"29,285,000 ", ,1
183,,Abstraktes Bild,05.13.2014 ,"29,285,000 ",712 ,1
184,Willem de Kooning,Clamdigger,11.12.2014 ,"29,285,000 ", ,0
185,Sir Lawrence Alma-Tadema,The meeting of Antony and Cleopatra: 41 BC,05.05.2011 ,"29,202,500 ", ,1
186,Pablo Picasso,Femme assise dans un fauteuil,05.02.2012 ,"29,202,500 ", ,0
187,Pablo Picasso,Tête de Femme,11.07.2007 ,"29,161,000 ",Dora Maar ,0
188,Gustav Klimt,Landhaus am Attersee,11.05.2003 ,"29,128,000 ", ,0
189,Pablo Picasso,"Femme assise, robe bleue",06.21.2011 ,"29,043,342 ", ,0
190,Jean-Michel Basquiat,Untitled,06.25.2013 ,"28,888,188 ",diptych ,1
191,,Blau,05.14.2014 ,"28,725,000 ", ,1
192,Rembrandt Harmensz van Rijn,"Portrait of a lady, aged 62, perhaps Aeltje Pietersdr. Uylenburgh, wife of Johannes Cornelisz. Sylvius, half-length, in black costume and a cap and collar",12.13.2000 ,"28,676,152 ", ,0
193,,Wand,02.12.2014 ,"28,663,260 ",Wall ,0
194,Francis Bacon,Study for a portrait,06.28.2011 ,"28,660,766 ", ,0
195,Henri Matisse,Bouquet de fleurs pour le quatorze juillet,05.05.2010 ,"28,642,500 ", ,0
196,Jasper Johns,Flag,05.11.2010 ,"28,642,500 ", ,0
197,Juan Gris,Violon et guitare,11.03.2010 ,"28,642,500 ", ,0
198,Paul Cézanne,Nature Morte: Les grosses pommes,05.11.1993 ,"28,602,500 ", ,0
199,Andrea Mantegna,Descent into Limbo,01.23.2003 ,"28,568,000 ", ,0
200,Pablo Picasso,Claude et Paloma,11.04.2013 ,"28,165,000 ", ,0
201,Jeff Koons,Popeye,05.14.2014 ,"28,165,000 ", ,0
202,Roy Lichtenstein,Nude with Red Shirt,11.14.2012 ,"28,082,500 ", ,0
203,Francis Bacon,Three Studies for Self-Portrait,05.13.2008 ,"28,041,000 ", ,1
204,Andy Warhol,Lemon Marilyn,05.16.2007 ,"28,040,000 ", ,0
205,Jean Honoré Fragonard,"Portrait of François-Henri, 5th duc d′Harcourt",12.05.2013 ,"28,015,316 ", ,0
206,Adriaen de Vries,A Bronze Bacchic Figure Supporting The Globe,12.11.2014 ,"27,885,000 ", ,0
207,Gustav Klimt,"Frauenbildnis, portrait of Ria Munk III",06.23.2010 ,"27,786,368 ", ,0
208,George Wesley Bellows,Polo Crowd,12.01.1999 ,"27,702,500 ", ,0
209,Piet Mondrian,"Composition avec bleu, rouge, jaune et noir",02.23.2009 ,"27,666,556 ", ,0
210,Pablo Picasso,Femme au costume turc dans un fauteuil,02.04.2014 ,"27,653,536 ", ,0
211,Francis Bacon,Study for Portrait II,02.08.2007 ,"27,627,812 ", ,0
212,Vincent van Gogh,L′homme est en mer,02.05.2014 ,"27,531,980 ", ,1
213,Andy Warhol,Self-portrait,05.11.2011 ,"27,522,500 ", ,0
214,Alberto Giacometti,Grande femme debout II,05.06.2008 ,"27,481,000 ", ,1
215,Constantin Brancusi,Oiseau dans l′espace,05.04.2005 ,"27,456,000 ", ,0
216,Francis Bacon,Study for Head of George Dyer,07.01.2008 ,"27,433,052 ", ,0
217,Willem de Kooning,Untitled XXV,11.15.2006 ,"27,120,000 ", ,0
218,Claude Monet,Nymphéas,05.06.2014 ,"27,045,000 ", ,0
219,Mark Rothko,Untitled,05.15.2013 ,"27,003,750 ",Black on Maroon ,0
220,Andy Warhol,Liz no.5,05.12.2011 ,"26,962,500 ",Early colored Liz ,0
221,Vincent van Gogh,Sous-bois,11.08.1995 ,"26,952,500 ", ,0
222,Mark Rothko,Untitled,05.16.2007 ,"26,920,000 ", ,0
223,Edward Hopper,Hotel Window,11.29.2006 ,"26,896,000 ", ,1
224,Amedeo Modigliani,Nu couché,11.04.2003 ,"26,887,500 ",sur le côté gauche ,0
225,Joan Miró,Painting-Poem,02.07.2012 ,"26,590,650 ",Le corps de ma brune puisque je l′aime comme ma chatte habillée en vert salade comme de la grêle c′est pareil ,1
226,Christopher Wool,Apocalypse Now,11.12.2013 ,"26,485,000 ", ,0
227,,A.B. Courbet,11.13.2013 ,"26,485,000 ", ,0
228,Franz Kline,King Oliver,11.12.2014 ,"26,485,000 ", ,0
229,Edgar Degas,Danseuses à la barre,06.24.2008 ,"26,421,902 ", ,1
230,Jean-Michel Basquiat,Untitled,11.14.2012 ,"26,402,500 ", ,1
231,Edouard Manet,La rue Mosnier aux drapeaux,11.14.1989 ,"26,400,000 ", ,0
232,Vincent van Gogh,Autoportrait,05.15.1990 ,"26,400,000 ", ,0
233,Edouard Manet,Les Courses au Bois de Boulogne,05.05.2004 ,"26,328,000 ", ,0
234,Amedeo Modigliani,L′Amazone,05.07.2013 ,"25,925,000 ", ,0
235,Jean-Michel Basquiat,Untitled,11.13.2013 ,"25,925,000 ",Yellow tar and feathers ,0
236,Alexander Calder,Poisson volant,05.13.2014 ,"25,925,000 ",Flying Fish ,0
237,Jeff Koons,Balloon Monkey,11.12.2014 ,"25,925,000 ",Orange ,0
238,Philip Guston,To Fellini,05.15.2013 ,"25,883,750 ", ,0
239,Piet Mondrian,"Composition with red, blue and grey",06.23.2014 ,"25,870,094 ", ,0
240,Alberto Giacometti,La main,05.04.2010 ,"25,842,500 ", ,0
241,Ren Yi,Huafeng people′s wishes to Emperor Yao,07.16.2011 ,"25,804,704 ", ,0
242,Rembrandt Harmensz van Rijn,Saint James the Greater,01.25.2007 ,"25,800,000 ", ,0
243,Jeff Koons,Balloon Flower,06.30.2008 ,"25,783,062 ",Magenta ,0
244,Paul Cézanne,Nature morte au melon vert,05.08.2007 ,"25,520,000 ", ,1
245,Francis Bacon,Self-portrait,05.11.2011 ,"25,282,500 ",studytriptych ,0
246,Willem de Kooning,Untitled V,11.13.2013 ,"24,805,000 ", ,0
247,Pablo Picasso,Femme assise dans un fauteuil,11.10.1997 ,"24,752,500 ",Eva ,0
248,Pablo Picasso,Maternité,11.14.1988 ,"24,750,000 ", ,0
249,Claude Monet,Le bassin aux nymphéas,11.02.2010 ,"24,722,500 ", ,1
250,Francis Bacon,Seated Woman,12.12.2007 ,"24,556,844 ",Portrait of Muriel Belcher ,0
251,Zhang Daqian,Lotus and Mandarin ducks,05.31.2011 ,"24,551,210 ", ,0
252,Jean Antoine Watteau,La Surprise: A couple embracing while a figure dressed as Mezzetin tunes a guitar,07.08.2008 ,"24,417,178 ", ,0
253,Franz Marc,Weidende Pferde III,02.05.2008 ,"24,326,828 ",Grazing Horses III ,0
254,Claude Monet,Le portail,05.10.2000 ,"24,205,750 ",Soleil ,0
255,Paul Gauguin,Mata Mua,05.09.1989 ,"24,200,000 ",in olden times ,0
256,André Derain,Arbres à Collioure,06.22.2010 ,"24,156,490 ", ,0
257,,Vierwaldstätter See,02.11.2015 ,"24,015,744 ",Lake Lucerne ,0
258,Pablo Picasso,Nu au collier,06.25.2002 ,"23,944,552 ", ,0
259,Andy Warhol,Big Campbell′s soup can with can opener,11.10.2010 ,"23,882,500 ",Vegetable ,1
260,Henri Matisse,Odalisque au fauteuil noir,02.03.2015 ,"23,830,560 ", ,1
261,Pablo Picasso,Les Tuileries,06.25.1990 ,"23,821,898 ", ,0
262,David Smith,Cubi XXVIII,11.09.2005 ,"23,816,000 ", ,0
263,Kurt Schwitters,Ja - Was? - Bild,06.24.2014 ,"23,781,982 ", ,0
264,Cui Ruzhuo,Landscape in snow,04.07.2014 ,"23,725,710 ",+ frontispiece ,0
265,Andy Warhol,Marlon,11.14.2012 ,"23,714,500 ", ,1
266,Christopher Wool,If You,05.13.2014 ,"23,685,000 ", ,1
267,Jean-Michel Basquiat,Undiscovered genius of the Mississippi Delta,05.14.2014 ,"23,685,000 ", ,1
268,Roy Lichtenstein,Nude with Yellow Flower,05.15.2013 ,"23,643,750 ", ,0
269,Gustav Klimt,Schloss Kammer am Attersee II,10.09.1997 ,"23,562,388 ", ,1
270,Andy Warhol,Liz,11.13.2007 ,"23,561,000 ", ,1
271,Jeff Koons,Hanging Heart,11.14.2007 ,"23,561,000 ",Magenta/Gold ,0
272,Yves Klein,MG 9,05.14.2008 ,"23,561,000 ", ,0
273,Wu Guanzhong,Ten Thousand Miles of the Yangtze River,11.19.2011 ,"23,548,498 ", ,0
274,Lucian Freud,Naked Portrait with Reflection,06.30.2008 ,"23,548,214 ", ,1
275,Pierre-Auguste Renoir,Dans les Roses,05.06.2003 ,"23,528,000 ",Madame Léon Clapisson ,0
276,John Singer Sargent,Group with Parasols,12.01.2004 ,"23,528,000 ",A siesta ,0
277,Joan Miró,Painting,02.04.2015 ,"23,413,412 ","Women, Moon, Birds ",0
278,Lyonel Feininger,Jesuiten III,05.08.2007 ,"23,280,000 ",Jesuits III ,0
279,Zeng Fanzhi,The Last Supper,10.05.2013 ,"23,269,068 ", ,0
280,Jeff Koons,Cracked Egg,02.13.2014 ,"23,237,534 ",Magenta in 2 parts ,0
281,Paul Cézanne,Madame Cézanne au fauteuil jaune,05.12.1997 ,"23,102,500 ", ,0
282,Pablo Picasso,L′Aubade,11.02.2011 ,"23,042,500 ", ,0
283,Jackson Pollock,Number 28,05.08.2012 ,"23,042,500 ", ,0
284,Wassily Kandinsky,Studie für Improvisation 8,11.07.2012 ,"23,042,500 ", ,0
285,Wassily Kandinsky,Fugue,05.17.1990 ,"22,990,000 ", ,0
286,Pablo Picasso,Portrait de femme,05.06.2014 ,"22,565,000 ",Dora Maar ,0
287,Francis Bacon,Figure Turning,05.13.2014 ,"22,565,000 ", ,0
288,Norman Rockwell,The Rookie,05.22.2014 ,"22,565,000 ",Red Sox Locker Room ,0
289,,Untitled,11.12.2014 ,"22,565,000 ", ,0
290,Max Beckmann,Selbstbildnis mit Horn,05.10.2001 ,"22,555,750 ",Self-Portrait with Horn ,0
291,Andy Warhol,Three Self-portraits,02.27.2008 ,"22,550,242 ", ,0
292,Mark Rothko,Untitled,11.09.2010 ,"22,482,500 ", ,0
293,Claude Monet,Les Peupliers,05.04.2011 ,"22,482,500 ", ,1
294,Maurice de Vlaminck,Paysage de banlieue,05.04.2011 ,"22,482,500 ", ,1
295,Barnett Newman,Onement V,05.08.2012 ,"22,482,500 ", ,0
296,Henri Matisse,Portrait au manteau bleu,05.06.2008 ,"22,441,000 ", ,0
297,Mark Rothko,Untitled,05.16.2007 ,"22,440,000 ", ,0
298,Henri de Toulouse-Lautrec,La blanchisseuse,11.01.2005 ,"22,416,000 ", ,0
299,Mark Rothko,Homage to Matisse,11.08.2005 ,"22,416,000 ", ,0
300,Egon Schiele,Einzelne Häuser,11.08.2006 ,"22,416,000 ",Häuser mit Bergen recto; Monk I fragment; verso  ,0
301,Francis Bacon,Two studies for self-portrait,02.10.2015 ,"22,409,162 ", ,1
302,Fernand Léger,La femme en rouge et vert,11.04.2003 ,"22,407,500 ", ,0
303,Edward Burne-Jones,Love among the Ruins,07.11.2013 ,"22,115,900 ", ,0
304,Yves Klein,"Sculpture éponge bleue sans titre, SE 168",05.14.2013 ,"22,005,000 ", ,0
305,,"Abstraktes Bild, Dunkel",05.15.2013 ,"21,963,750 ",613-2 ,0
306,,Abstraktes Bild,05.08.2012 ,"21,810,500 ",798-3 ,0
307,Pablo Picasso,Jeune fille endormie,06.21.2011 ,"21,799,182 ", ,0
308,Egon Schiele,Herbstsonne,06.20.2006 ,"21,708,430 ", ,0
309,,Portrait de Paul éluard,02.10.2011 ,"21,685,938 ", ,1
310,Cy Twombly,Poems to the sea,11.13.2013 ,"21,669,000 ",in 24 parts ,0
311,Francis Bacon,Three Studies for a Self-Portrait,02.12.2013 ,"21,661,584 ",3 works ,1
312,Paul Gauguin,Deux femmes or La Chevelure fleurie,02.07.2006 ,"21,656,598 ", ,0
313,,Abstraktes Bild,11.11.2014 ,"21,445,000 ", ,0
314,Roy Lichtenstein,Reflections on the Prom,11.12.2014 ,"21,445,000 ", ,1
315,Yves Klein,Archisponge,11.11.2008 ,"21,362,500 ",Re11 ,0
316,Pablo Picasso,Femmes lisant,05.03.2011 ,"21,362,500 ",Deux personnages ,0
317,Pablo Picasso,"Les femmes d′Alger, version L",05.04.2011 ,"21,362,500 ", ,0
318,Mark Rothko,Black Stripe,11.14.2012 ,"21,362,500 ","Orange, Gold and Black ",1
319,Charles Willson Peale,George Washington at Princeton,01.21.2006 ,"21,296,000 ", ,0
320,Clyfford Still,1947-R-No. 1,11.15.2006 ,"21,296,000 ", ,0
321,Wassily Kandinsky,Studie zu Improvisation 3,06.18.2013 ,"21,216,846 ", ,1
322,Willem de Kooning,Untitled XXXI,05.13.2014 ,"21,165,000 ", ,0
323,Huang Zhou,Gaiety in the Grassland mounted,12.02.2013 ,"21,141,440 ", ,0
324,Egon Schiele,Krumauer Landschaft,06.23.2003 ,"21,064,050 ",Stadt und Fluss Krumau Landscape: Town and River ,0
325,Mark Rothko,No. 7,11.13.2007 ,"21,041,000 ",Dark Over Light ,1
326,Piet Mondrian,New York/Boogie Woogie,11.04.2004 ,"21,008,000 ", ,0
327,Edouard Manet,Jeune fille dans un jardin,11.09.2000 ,"20,905,750 ", ,0
328,Pierre-Auguste Renoir,Baigneuse,11.13.1997 ,"20,902,500 ", ,0
329,Clyfford Still,PH - 21,05.14.2013 ,"20,885,000 ", ,0
330,Jackson Pollock,The Blue Unconscious,05.14.2013 ,"20,885,000 ", ,0
331,Lucio Fontana,"Concetto spaziale, La fine di Dio",11.12.2013 ,"20,885,000 ", ,1
332,,Abstraktes Bild,11.12.2013 ,"20,885,000 ",809-1 ,1
333,Juan Gris,"Livre, pipe et verres",11.06.2008 ,"20,802,500 ", ,0
334,Alberto Giacometti,Le Chat,05.04.2010 ,"20,802,500 ", ,0
335,Henri Matisse,"Danseuse dans le fauteuil, sol en damier",11.02.2010 ,"20,802,500 ", ,1
336,,Abstraktes Bild,11.09.2011 ,"20,802,500 ", ,0
337,Willem de Kooning,Interchange,11.08.1989 ,"20,680,000 ", ,0
338,Barnett Newman,By twos,11.13.2013 ,"20,605,000 ", ,0
339,Andy Warhol,Big electric chair,05.14.2014 ,"20,437,000 ", ,0
340,Paul Cézanne,Vue sur L′Estaque et le Château d′If,02.04.2015 ,"20,375,704 ", ,0
341,Vincent van Gogh,Le pont de Trinquetaille,06.29.1987 ,"20,367,090 ", ,0
342,Vincent van Gogh,Le vieil If,11.14.1989 ,"20,350,000 ", ,0
343,Lucio Fontana,"Concetto Spaziale, La Fine di Dio",02.27.2008 ,"20,343,394 ", ,0
344,Andy Warhol,Liz #1,11.13.2013 ,"20,325,000 ",Early colored Liz ,0
345,Claude Monet,Sous les peupliers,11.04.2014 ,"20,325,000 ", ,0
346,Piet Mondrian,Composition No. II with Blue and Yellow,02.04.2014 ,"20,315,296 ", ,0
347,Andy Warhol,Sixteen Jackies,05.10.2011 ,"20,242,500 ",in 16 parts ,0
348,Piero Manzoni,Achrome,10.17.2014 ,"20,218,814 ", ,0
349,Franz Marc,Der Wasserfall,11.07.2007 ,"20,201,000 ",Frauen unter einem Wasserfall The Waterfall Women under a Waterfall ,1
350,Claude Monet,Nymphéas,06.24.2002 ,"20,182,110 ", ,0
351,Claude Monet,"Londres, le Parlement, effet de soleil dans le brouillard",11.03.2004 ,"20,167,500 ", ,0
352,Jean-Michel Basquiat,Untitled,06.27.2012 ,"20,162,318 ", ,1
353,Canaletto,"The Bucintoro at the Molo, Venice, on Ascension Day",07.06.2005 ,"20,084,328 ", ,0
354,Pablo Picasso,Le miroir,11.07.1995 ,"20,022,500 ", ,1
355,Cy Twombly,Untitled,02.12.2014 ,"20,012,930 ",Rome ,0
356,Wang Meng,Landscape,06.03.2010 ,"20,004,392 ", ,0
357,Pierre-Auguste Renoir,Jeune fille au chat,05.17.1990 ,"19,965,000 ", ,0
358,Willem de Kooning,Untitled XXIII,11.13.2007 ,"19,921,000 ", ,0
359,,Struktur,06.27.2012 ,"19,812,788 ",2 ,0
360,Vincent van Gogh,La Roubine du Roi,05.12.1999 ,"19,802,500 ", ,0
361,Fernand Léger,Les cylindres colorés,02.04.2014 ,"19,764,928 ", ,0
362,Francis Bacon,Self-portrait,11.09.2011 ,"19,682,500 ",3 studies ,0
363,Willem de Kooning,Abstraction,11.13.2012 ,"19,682,500 ", ,0
364,Li Keran,Shaoshan-revolutionary sacred place of Chairman Mao′s former residence,05.12.2012 ,"19,681,484 ", ,0
365,Francis Bacon,Study for Head of Lucian Freud,07.01.2014 ,"19,622,034 ", ,0
366,Lucian Freud,Ib and her Husband,11.13.2007 ,"19,361,000 ", ,0
367,Alberto Giacometti,L′homme qui chavire,11.04.2009 ,"19,346,500 ", ,0
368,,Seestück,05.08.2012 ,"19,346,500 ",Leicht bewölkt ,1
369,Damien Hirst,Lullaby Spring,06.21.2007 ,"19,213,272 ", ,0
370,Henri Matisse,La séance du matin,05.07.2014 ,"19,205,000 ", ,1
371,Pablo Picasso,La Grue,05.07.2008 ,"19,193,000 ", ,0
372,Willem de Kooning,Woman,05.15.2013 ,"19,163,750 ",Blue Eyes ,1
373,Edward Hopper,Blackwell′s Island,05.23.2013 ,"19,163,750 ", ,0
374,Amedeo Modigliani,Jeanne hébuterne,11.02.2010 ,"19,122,500 ",Au chapeau ,1
375,Paul Cézanne,Joueur de cartes,05.01.2012 ,"19,122,500 ", ,0
376,Henri Matisse,Les Pivoines,05.01.2012 ,"19,122,500 ", ,1
377,Willem de Kooning,Untitled I,05.16.2007 ,"19,080,000 ", ,0
378,Qian Weicheng,Yandang mountain,06.03.2010 ,"19,020,568 ", ,0
379,Auguste Rodin,"Eve, grand modèle-version sans rocher",05.06.2008 ,"18,969,000 ", ,1
380,Edgar Degas,Petite danseuse de quatorze ans,02.03.2009 ,"18,953,890 ", ,1
381,Paul Cézanne,Pichet et fruits sur une table,02.03.2010 ,"18,825,354 ", ,1
382,Claude Monet,Nymphéas,11.05.2002 ,"18,709,500 ", ,1
383,Pablo Picasso,Mere et enfant,11.15.1989 ,"18,700,000 ", ,0
384,,Untitled,05.12.2014 ,"18,645,000 ", ,0
385,Pablo Picasso,Les Femmes d′Alger,05.03.2005 ,"18,608,000 ",J ,0
386,Pablo Picasso,Portrait de Germaine,05.02.2006 ,"18,608,000 ", ,0
387,Alexej Jawlensky,Schokko,02.05.2008 ,"18,586,402 ",Schokko mit Tellerhut ,1
388,Alberto Giacometti,Trois hommes qui marchent I,06.25.2008 ,"18,585,730 ", ,1
389,Damien Hirst,The Golden Calf,09.15.2008 ,"18,566,620 ", ,0
390,Mark Rothko,White cloud,11.08.2011 ,"18,562,500 ", ,0
391,Alexander Calder,Lily of Force,05.08.2012 ,"18,562,500 ", ,0
392,Pablo Picasso,Tête et main de femme,05.09.2007 ,"18,520,000 ", ,1
393,Alberto Giacometti,L′homme qui chavire,05.09.2007 ,"18,520,000 ", ,1
394,Juan Gris,Le pot de geranium,05.09.2007 ,"18,520,000 ", ,1
395,Henri Matisse,Nu couché vu de dos,05.03.2006 ,"18,496,000 ", ,0
396,Piet Mondrian,Composition avec grille 2,02.23.2009 ,"18,472,162 ", ,0
397,Amedeo Modigliani,Portrait de Paul Alexandre,06.04.2014 ,"18,429,952 ", ,0
398,Andy Warhol,Silver Liz,05.11.2010 ,"18,338,500 ",diptych ,0
399,Constantin Brancusi,Danaïde,05.07.2002 ,"18,159,500 ", ,0
400,Pierre-Auguste Renoir,La tasse de chocalat,11.12.1990 ,"18,150,000 ", ,0
401,Roy Lichtenstein,Landscape with Figures,11.12.2014 ,"18,085,000 ", ,0
402,Peter Doig,Pine House,11.12.2014 ,"18,085,000 ",Rooms for Rent ,1
403,Chaïm Soutine,Le petit pâtissier,05.08.2013 ,"18,043,750 ", ,0
404,Pablo Picasso,Deux personnages,11.06.2008 ,"18,002,500 ",Marie-Thérèse et sa soeur lisant ,0
405,Pablo Picasso,Femme au chat assise dans un fauteuil,05.04.2010 ,"18,002,500 ", ,0
406,Gustave Caillebotte,Le Pont d′Argenteuil et la Seine,11.02.2011 ,"18,002,500 ", ,1
407,,Gudrun,11.09.2011 ,"18,002,500 ", ,1
408,Pablo Picasso,Le baiser,06.23.2010 ,"17,937,642 ", ,1
409,Bada Shanren,Mandarin ducks and bamboo,12.13.2010 ,"17,808,712 ", ,0
410,Claude Monet,"Les arceaux de roses, Giverny",06.18.2007 ,"17,750,766 ",Les arceaux fleuris  ,0
411,Thomas Moran,Green river of Wyoming,05.21.2008 ,"17,737,000 ", ,0
412,Wu Guanzhong,Lion woods,06.03.2011 ,"17,734,596 ", ,0
413,Amedeo Modigliani,Jeune homme roux assis,05.06.2014 ,"17,637,000 ", ,1
414,Clyfford Still,PH-1033,05.13.2014 ,"17,525,000 ", ,1
415,Willem de Kooning,Untitled XXIV,11.12.2014 ,"17,525,000 ", ,0
416,Henri Matisse,Odalisques jouant aux dames,06.22.2010 ,"17,509,514 ", ,0
417,Pierre-Auguste Renoir,La promenade,04.04.1989 ,"17,427,946 ", ,0
418,Francis Bacon,Three Studies of Isabel Rawsthorne,06.26.2013 ,"17,419,052 ", ,1
419,Paul Cézanne,Portrait de Vallier,11.06.2007 ,"17,401,000 ", ,0
420,Pablo Picasso,Le Baiser,05.07.2008 ,"17,401,000 ", ,0
421,Yves Klein,IKB 1,05.14.2008 ,"17,401,000 ", ,0
422,Jasper Johns,Figure 4,05.16.2007 ,"17,400,000 ", ,0
423,Andy Warhol,Self-portrait,02.16.2011 ,"17,387,926 ", ,0
424,Andy Warhol,Mao,11.15.2006 ,"17,376,000 ", ,0
425,Mark Rothko,No. 6,11.09.2004 ,"17,368,000 ","Yellow, White, Blue over Yellow on Gray ",0
426,Paul Cézanne,Portrait de Paul Cézanne,05.07.2003 ,"17,367,500 ", ,0
427,Andy Warhol,Orange Marilyn,05.14.1998 ,"17,327,500 ", ,0
428,Alberto Giacometti,Trois hommes qui marchent II,06.22.2011 ,"17,323,920 ", ,0
429,Pablo Picasso,Buste de Françoise,06.21.2011 ,"17,271,582 ", ,0
430,Chaïm Soutine,L′Homme au Foulard Rouge,02.05.2007 ,"17,219,550 ", ,1
431,Pablo Picasso,Femme à la fenêtre,11.08.2012 ,"17,218,500 ",Marie-Thérèse ,0
432,Wassily Kandinsky,Strandszene,05.06.2014 ,"17,189,000 ", ,0
433,Paul Cézanne,Pommes et serviette,11.27.1989 ,"17,176,764 ", ,0
434,Damien Hirst,The Kingdom,09.15.2008 ,"17,159,576 ", ,0
435,Joan Miró,La caresse des étoiles,05.06.2008 ,"17,065,000 ", ,1
436,Henri Matisse,La robe persane,11.09.2000 ,"17,055,750 ", ,0
437,Kasimir Severinovich Malevich,Suprematist Composition,05.11.2000 ,"17,052,500 ", ,0
438,Jasper Johns,False Start,11.10.1988 ,"17,050,000 ", ,0
439,Diego Rodriguez de Silva y Velasquez,Saint Rufina,07.04.2007 ,"16,983,140 ", ,1
440,Yves Klein,Rélief éponge bleu,05.14.2014 ,"16,965,000 ",RE 51 ,1
441,,Abstraktes Bild,11.12.2014 ,"16,965,000 ",774-4 ,0
442,Lucian Freud,Julie and Martin,11.12.2014 ,"16,965,000 ", ,0
443,Peter Doig,Gasthof,07.01.2014 ,"16,948,124 ", ,0
444,Pablo Picasso,Famille de l′Arlequin,11.14.1989 ,"16,940,000 ", ,0
445,Pablo Picasso,Composition,02.05.2014 ,"16,938,304 ",Composition au minotaure ,0
446,Francesco Guardi,"Venice, the Bacino di San Marco, with the Piazzetta and the Doge′s Palace",07.08.2014 ,"16,937,616 ", ,0
447,Jeff Koons,Balloon flower,11.10.2010 ,"16,882,500 ",Blue ,0
448,Titian (Tiziano Vecelli),A Sacra Conversazione: The Madonna and Child with Saints Luke and Catherine of Alexandria,01.27.2011 ,"16,882,500 ", ,0
449,Jeff Koons,Pink Panther,05.10.2011 ,"16,882,500 ", ,0
450,,Abstraktes Bild,05.09.2012 ,"16,882,500 ", ,0
451,Pablo Picasso,Homme à la pipe,11.06.2007 ,"16,841,000 ", ,1
452,Amedeo Modigliani,Jeune fille assise en chemise,11.06.2007 ,"16,841,000 ", ,1
453,Max Beckmann,Selbstbildnis mit Glaskugel,05.03.2005 ,"16,816,000 ",Self-Portrait with Crystal Ball ,0
454,Claude Monet,Le bassin aux nymphéas,05.06.2004 ,"16,808,000 ", ,0
455,Paul Cézanne,Pichet et assiette de poires,05.08.2002 ,"16,784,500 ", ,0
456,Cui Ruzhuo,100 works,10.05.2014 ,"16,726,588 ", ,0
457,Fernand Léger,Le moteur,11.06.2001 ,"16,726,000 ", ,0
458,Edgar Degas,Au Musée du Louvre,05.08.2002 ,"16,509,500 ",Miss Cassatt ,0
459,Paul Cézanne,Pichet de gres,11.11.1999 ,"16,502,500 ", ,0
460,Paul Cézanne,Fillette à la poupee,05.07.2001 ,"16,502,500 ", ,0
461,Edouard Manet,Le banc,05.15.1990 ,"16,500,000 ",le jardin de Versailles ,0
462,Sanyu,Five nudes,05.30.2011 ,"16,493,361 ", ,0
463,Claude Monet,La plage à Trouville,06.27.2000 ,"16,469,840 ", ,1
464,Francis Bacon,"Study from the Human Body, Man Turning on the Light",10.14.2007 ,"16,465,701 ", ,0
465,,Kerze,10.14.2011 ,"16,451,346 ",Candle ,0
466,Roy Lichtenstein,Sunrise,11.12.2014 ,"16,405,000 ", ,0
467,Mark Rothko,No 9,05.14.2003 ,"16,359,500 ",White and Black on Wine ,0
468,Marc Chagall,Anniversaire,05.17.1990 ,"16,335,000 ", ,0
469,Juan Gris,Le livre,02.07.2012 ,"16,334,115 ", ,0
470,Max Ernst,The stolen mirror,11.01.2011 ,"16,322,500 ", ,0
471,Andy Warhol,Silver Liz,11.08.2011 ,"16,322,500 ", ,0
472,,Printemps nécrophilique,05.02.2012 ,"16,322,500 ", ,1
473,Jean-Michel Basquiat,Untitled,05.10.2012 ,"16,322,500 ", ,0
474,Andy Warhol,Suicide,11.13.2012 ,"16,322,500 ", ,1
475,Pablo Picasso,Tête de femme,11.06.2007 ,"16,281,000 ",Dora Maar ,0
476,Roy Lichtenstein,In the car,11.08.2005 ,"16,256,000 ", ,0
477,Andy Warhol,Orange Marilyn,11.15.2006 ,"16,256,000 ", ,1
478,Wang Zhenpeng,Landscape,12.04.2012 ,"16,252,850 ", ,0
479,Henri de Toulouse-Lautrec,Au lit: Le baiser,02.03.2015 ,"16,242,840 ", ,0
480,Claude Monet,Les peupliers à Giverny,02.03.2015 ,"16,242,840 ", ,0
481,Canaletto,"The old horse guards, London, from St. James′s park",04.15.1992 ,"16,205,742 ", ,0
482,Li Keran,Long march,11.22.2010 ,"16,189,113 ", ,0
483,Claude Monet,"Glaçons, effet blanc",11.06.2013 ,"16,125,000 ", ,0
484,Francis Bacon,Head III,06.26.2013 ,"16,122,176 ", ,0
485,Claude Monet,Dans la Prairie,02.04.2009 ,"16,044,636 ", ,1
486,Vincent van Gogh,Vue de l′asile et de la Chapelle de Saint-Rémy,02.07.2012 ,"15,980,442 ", ,0
487,George Stubbs,Brood mares and foals,12.08.2010 ,"15,955,138 ", ,0
488,Amedeo Modigliani,Vénus,11.08.2006 ,"15,920,000 ","Nu debout, nu médicis ",0
489,Cui Ruzhuo,Lotus,11.29.2011 ,"15,894,362 ",+ 7 others; 8 works ,0
490,Francesco Guardi,Vue de la Giudecca et du Zattere à Venise,12.01.1989 ,"15,866,500 ", ,0
491,Georges Braque,Paysage à la Ciotat,05.07.2013 ,"15,845,000 ", ,1
492,Claude Monet,Le pont japonais,05.07.2014 ,"15,845,000 ", ,0
493,Jeff Koons,Pink Panther,11.12.2014 ,"15,845,000 ", ,0
494,Henri Matisse,La fenêtre ouverte,05.04.2011 ,"15,762,500 ", ,0
495,Canaletto,Venice,12.04.2013 ,"15,735,617 ",pair ,0
496,Andy Warhol,Double Elvis,11.13.2007 ,"15,721,000 ", ,0
497,,Kerze,02.27.2008 ,"15,709,014 ",Candle ,0
498,Roy Lichtenstein,Sinking Sun,05.10.2006 ,"15,696,000 ", ,0
499,Willem de Kooning,Untitled XVI,05.10.2006 ,"15,696,000 ", ,0
500,Andy Warhol,Sixteen Jackies,11.15.2006 ,"15,696,000 ", ,0
501,,Abstraktes Bild,02.14.2012 ,"15,626,768 ", ,0
502,Amedeo Modigliani,Fillette assise en robe,11.09.2000 ,"15,625,750 ", ,0
503,Willem de Kooning,Woman,11.20.1996 ,"15,622,500 ", ,0
504,Lucian Freud,Bruce Bernard,06.20.2007 ,"15,607,602 ", ,0
505,Lucio Fontana,"Concetto spaziale, La fine di Dio",10.19.2008 ,"15,570,362 ", ,0
506,Pablo Picasso,Tête de femme,06.25.2008 ,"15,501,631 ",Dora Maar ,0
507,Norman Rockwell,Breaking Home Ties,11.29.2006 ,"15,416,000 ", ,0
508,Pablo Picasso,La cage d′oiseaux,11.10.1988 ,"15,400,000 ", ,0
509,Claude Monet,L′Embarcadère,02.03.2015 ,"15,399,760 ", ,1
510,Cy Twombly,Untitled,05.14.2013 ,"15,397,000 ",Bolsena ,0
511,Alberto Giacometti,Femme de Venise II,06.24.2014 ,"15,393,048 ", ,0
512,,Abstraktes Bild,11.14.2012 ,"15,314,500 ",779-2 ,0
513,Francis Bacon,Study for a Head,02.11.2015 ,"15,312,942 ", ,0
514,Auguste Rodin,"Le Penseur, Taille de la Porte dit Moyen modèle",05.07.2013 ,"15,285,000 ", ,0
515,Pierre-Auguste Renoir,L′ombrelle,02.06.2013 ,"15,216,022 ", ,0
516,Claude Monet,Effet de printemps à Giverny,05.05.2010 ,"15,202,500 ", ,0
517,Cy Twombly,Unititled,05.11.2011 ,"15,202,500 ", ,0
518,Andy Warhol,Green Disaster,11.13.2012 ,"15,202,500 ",Green Disaster Twice ,0
519,Domenico Zampieri (Il Domenichino),Saint John the Evangelist,12.08.2009 ,"15,195,602 ", ,0
520,Takashi Murakami,My Lonesome Cowboy,05.14.2008 ,"15,161,000 ", ,0
521,,Abstraktes Bild,05.14.2008 ,"15,161,000 ", ,0
522,Pablo Picasso,Tête d′arlequin,05.08.2007 ,"15,160,000 ", ,0
523,Amedeo Modigliani,Portrait de Jeanne Hébuterne,11.16.1998 ,"15,127,500 ", ,0
524,Andy Warhol,Mustard Race Riot,11.10.2004 ,"15,127,500 ", ,0
525,Henri Matisse,Nu au coussin bleu,05.04.2010 ,"15,090,500 ", ,0
526,Claude Monet,La Plage à Trouville,06.25.2008 ,"15,061,045 ", ,0
527,Francis Bacon,Version No. 2 of Lying Figure with Hypodermic Syringe,11.14.2006 ,"15,024,000 ", ,0
528,Robert Ryman,Untitled,11.11.2014 ,"15,005,000 ", ,1
529,Henri Matisse,Boléro violet,02.05.2014 ,"14,929,159 ", ,0
530,,"Abstraktes Bild, 710",11.12.2008 ,"14,866,500 ", ,0
531,Constantin Brancusi,Le premier cri,11.01.2011 ,"14,866,500 ", ,0
532,Joan Miró,Tête humaine,05.02.2012 ,"14,866,500 ", ,0
533,Henri Matisse,La pose hindoue,05.08.1995 ,"14,850,500 ", ,0
534,Edouard Manet,La promenande,11.15.1989 ,"14,850,000 ", ,0
535,Alberto Giacometti,Trois hommes qui marchent I,02.04.2014 ,"14,811,615 ", ,0
536,Li Keran,The long march,12.03.2010 ,"14,793,245 ", ,0
537,Sir Joshua Reynolds,"Portrait of Omai standing in a landscape, wearing robes and a headdress",11.29.2001 ,"14,749,038 ", ,0
538,Gustav Klimt,Litzlbergerkeller am Attersee,05.13.1997 ,"14,742,500 ", ,0
539,Fernand Léger,La tasse de thé,02.23.2009 ,"14,736,940 ", ,0
540,Willem de Kooning,September Morn,11.12.2013 ,"14,725,000 ", ,0
541,Willem de Kooning,Untitled III,11.12.2014 ,"14,725,000 ", ,0
542,Zao Wou-Ki,Abstraction,12.01.2013 ,"14,717,804 ", ,0
543,Henri Matisse,Odalisque grise et jaune,05.08.2007 ,"14,712,000 ", ,0
544,Pablo Picasso,Mousquetaire à la pipe,05.06.2009 ,"14,642,500 ", ,1
545,,Karmin,02.11.2015 ,"14,630,369 ",Carmine ,0
546,Pierre-Auguste Renoir,La Loge or l′Avant-Scène,02.05.2008 ,"14,612,261 ", ,1
547,Pablo Picasso,Tête de femme,02.05.2008 ,"14,612,261 ",La Lectrice ,0
548,Zeng Fanzhi,Hospital Triptych No. 3,11.23.2013 ,"14,605,770 ", ,0
549,Jean-Michel Basquiat,Museum Security,02.13.2013 ,"14,603,459 ",Broadway Meltdown ,0
550,Camille Pissarro,L′Hiver,11.06.2007 ,"14,601,000 ", ,1
551,Alberto Giacometti,La Place II,05.06.2008 ,"14,601,000 ", ,0
552,Alberto Giacometti,Portrait de Caroline,05.07.2008 ,"14,601,000 ", ,0
553,,Abstraktes Bild,05.13.2008 ,"14,601,000 ",625 ,1
554,,Overdrive,05.14.2008 ,"14,601,000 ", ,0
555,Fernand Léger,Contrastes de formes,11.27.1989 ,"14,600,250 ", ,0
556,Pablo Picasso,Les amants,05.08.2007 ,"14,600,000 ", ,1
557,Claude Monet,"Le Parlement, soleil couchant",05.10.2001 ,"14,580,750 ", ,1
558,Claude Monet,La Seine à Argenteuil,06.23.2014 ,"14,529,965 ", ,1
559,Henri de Toulouse-Lautrec,Danseuse assise aux bas roses,05.12.1997 ,"14,522,500 ", ,0
560,Pablo Picasso,Nu couché,11.10.1997 ,"14,522,500 ", ,0
561,Henri Matisse,Harmonie jaune,11.11.1992 ,"14,520,000 ", ,0
562,Piet Mondrian,"Composition with red, yellow and blue",06.19.2013 ,"14,517,826 ", ,1
563,Valentin Aleksandrovich Serov,Portrait of Maria Zetlin,11.24.2014 ,"14,513,192 ",1882-1976 ,0
564,Peter Doig,Country-rock,06.30.2014 ,"14,460,966 ",Wing-mirror ,0
565,Fu Baoshi,Composition of Dufu′s poem,06.03.2012 ,"14,440,886 ", ,0
566,,Zwei Liebespaare,02.06.2008 ,"14,382,715 ", ,0
567,Unkei,A wood sculpture of Dainichi Nyorai,03.18.2008 ,"14,377,000 ",Mahavairocana ,0
568,Fernand Léger,Les Usines,05.08.2007 ,"14,320,000 ", ,0
569,Gustave Caillebotte,"L′homme au balcon, boulevard Haussmann",05.08.2000 ,"14,306,000 ", ,0
570,Alberto Giacometti,Grande femme debout I,11.08.2000 ,"14,306,000 ", ,1
571,Mark Rothko,Yellow over purple,05.17.2000 ,"14,305,750 ", ,0
572,Claude Monet,"Meules, derniers rayons de soleil",06.26.2001 ,"14,304,790 ", ,0
573,Henri Matisse,La Mulatresse Fatma,05.11.1993 ,"14,302,500 ", ,0
574,Claude Monet,"Le Parlement, coucher de soleil",05.10.1989 ,"14,300,000 ", ,0
575,Qi Baishi,Flowers and birds,05.22.2011 ,"14,169,105 ", ,0
576,Donald Judd,Untitled,11.12.2013 ,"14,165,000 ",DSS 42 ,0
577,Christopher Wool,Untitled,11.12.2014 ,"14,165,000 ", ,1
578,Giorgio de Chirico,Il Ritornante,02.23.2009 ,"14,162,291 ", ,0
579,Claude Monet,Nymphéas avec reflets de hautes herbes,02.05.2013 ,"14,150,865 ", ,0
580,Piero Manzoni,Achrome,05.15.2013 ,"14,123,750 ", ,1
581,André Derain,Barques au port de collioure,11.04.2009 ,"14,082,500 ", ,0
582,Roy Lichtenstein,Ice cream soda,11.09.2010 ,"14,082,500 ", ,0
583,Francis Bacon,Figure in movement,11.09.2010 ,"14,082,500 ", ,0
584,,Abstraktes Bild,11.09.2011 ,"14,082,500 ", ,1
585,Willem de Kooning,Untitled I,05.08.2012 ,"14,082,500 ", ,0
586,Paul Signac,Cassis Cap Canaille,11.06.2007 ,"14,041,000 ", ,0
587,Clyfford Still,1946,05.13.2008 ,"14,041,000 ",PH-182 ,0
588,Henri Matisse,La serpentine - Femme à la stele - L′araignee,05.10.2000 ,"14,030,750 ", ,0
589,Edward Hopper,Chair Car,05.11.2005 ,"14,016,000 ", ,0
590,Claude Monet,Nymphéas,11.01.2005 ,"14,016,000 ", ,1
591,Frans Hals I,"Portrait of Willem van Heythuysen, seated on a chair and holding a hunting crop",07.09.2008 ,"14,007,842 ", ,1
592,Jin Shangyi,Tajik bride,11.16.2013 ,"13,967,305 ", ,0
593,El Greco (Domenikos Theotokopoulos),Saint Dominic in prayer,07.03.2013 ,"13,907,516 ", ,0
594,Wassily Kandinsky,Der bär,02.08.2012 ,"13,883,477 ",The bear ,0
595,Paul Signac,"La Corne d′Or, Constantinople",02.07.2012 ,"13,858,400 ", ,1
596,Alberto Giacometti,Homme traversant une place par un matin de soleil,02.05.2014 ,"13,833,261 ", ,0
597,Chaïm Soutine,Le boeuf écorché,02.06.2006 ,"13,829,075 ", ,0
598,Kees van Dongen,Jeune Arabe,11.04.2009 ,"13,802,500 ", ,0
599,Amedeo Modigliani,Jeanne Hébuterne au collier,05.05.2010 ,"13,802,500 ", ,0
600,Claude Monet,Le Givre à Giverny,02.05.2013 ,"13,798,715 ", ,0
601,Joan Miró,L′Oiseau au plumage déployé vole vers l′arbre argenté,02.04.2015 ,"13,794,001 ", ,1
602,Marc Chagall,Le grand cirque,05.08.2007 ,"13,760,000 ", ,0
603,Alberto Giacometti,Grande tête de Diego,05.08.2002 ,"13,759,500 ", ,0
604,Henri Matisse,La vis,11.03.1993 ,"13,752,500 ", ,0
605,Pierre-Auguste Renoir,Jeune fille au chapeau garni de fleurs des champs,05.09.1989 ,"13,750,000 ", ,0
606,Joan Miró,Peinture,11.07.2012 ,"13,746,500 ","Femme, Journal, Chien ",0
607,Pablo Picasso,Nu jaune,11.02.2005 ,"13,736,000 ", ,0
608,Sir Anthony van Dyck,Self portrait,12.09.2009 ,"13,719,733 ", ,0
609,Pablo Picasso,Le peintre et son modèle,06.19.2006 ,"13,698,880 ", ,0
610,Lodovico Carracci,Salmacis and Hermaphroditus,07.06.2006 ,"13,653,000 ", ,0
611,Sir Peter Paul Rubens,Portrait of a commander being dressed for battle,07.06.2010 ,"13,631,493 ", ,0
612,Zhou Zhimian,Flowers,12.04.2010 ,"13,616,510 ",+ 7 others; 8 works ,0
613,Pablo Picasso,Sylvette,05.07.2013 ,"13,605,000 ", ,0
614,Titian (Tiziano Vecelli),Venus and Adonis,12.13.1991 ,"13,553,180 ", ,0
615,Edgar Degas,Les blanchisseuses,11.30.1987 ,"13,538,462 ", ,0
616,Jean-Michel Basquiat,Untitled,11.12.2008 ,"13,522,500 ",Boxer ,0
617,Pablo Picasso,Le Viol,11.08.2012 ,"13,522,500 ", ,0
618,Richard Diebenkorn,Ocean Park # 48,11.14.2012 ,"13,522,500 ", ,0
619,Andy Warhol,Mao,11.15.2012 ,"13,522,500 ", ,0
620,Claude Monet,"Antibes, vue du Plateau Notre-Dame",06.23.2014 ,"13,481,718 ", ,1
621,Pierre-Auguste Renoir,Les deux soeurs,02.05.2007 ,"13,475,143 ", ,0
622,Pablo Picasso,Tête et main de femme,05.04.2005 ,"13,456,000 ", ,0
623,Pablo Picasso,Plant de tomates,11.08.2006 ,"13,456,000 ", ,0
624,Pablo Picasso,Femme assise,06.20.2012 ,"13,423,471 ", ,0
625,Pablo Picasso,Tête,02.03.2015 ,"13,376,368 ",maquette pour la sculpture en plein air du Chicago Civic Center ,0
626,Pablo Picasso,Mousquetaire et nu assis,06.18.2007 ,"13,322,958 ", ,0
627,Francis Bacon,Crouching nude,06.29.2011 ,"13,310,974 ", ,0
628,Vincent van Gogh,Parc de l′hôpital Saint-Paul,06.23.2010 ,"13,302,947 ", ,0
629,Qi Baishi,Ode to the morher country,12.03.2012 ,"13,286,904 ", ,0
630,Lucio Fontana,"Concetto spaziale, Attesa",02.06.2008 ,"13,279,459 ", ,0
631,Joan Miró,Femme rêvant de l�évasion,02.05.2013 ,"13,270,489 ", ,0
632,,Matrosen,11.09.2010 ,"13,242,500 ",Sailors ,0
633,Rembrandt Harmensz van Rijn,A man in a gorget and cap,07.03.2012 ,"13,234,192 ", ,0
634,Alberto Giacometti,La forêt,05.07.2002 ,"13,209,500 ", ,0
635,Willem de Kooning,Orestes,11.12.2002 ,"13,209,500 ", ,0
636,Claude Monet,Antibes vue de la salis,02.03.2015 ,"13,207,752 ", ,1
637,Vincent van Gogh,Jeune homme à la casquette,05.11.1995 ,"13,202,500 ", ,0
638,Claude Monet,Le jardin de l′artiste a Vetheuil,11.13.1996 ,"13,202,500 ", ,0
639,Claude Monet,Nymphéas,11.13.1996 ,"13,202,500 ", ,0
640,Pierre-Auguste Renoir,La Liseuse,05.07.2001 ,"13,202,500 ", ,1
641,,Abstraktes Bild,02.13.2013 ,"13,202,115 ", ,0
642,George Stubbs,Tygers at play,07.09.2014 ,"13,185,991 ", ,0
643,Willem de Kooning,Sail Cloth,05.11.2005 ,"13,120,000 ", ,0
644,Qian Long,An old cypress,12.04.2010 ,"13,112,195 ", ,0
645,Wu Zuoren,The yellow blooms on the battlefield smell sweeter,05.10.2013 ,"13,102,000 ", ,0
646,Joan Miró,Le coq,06.18.2007 ,"13,101,568 ", ,1
647,Pablo Picasso,Buste de femme,11.07.2012 ,"13,074,500 ", ,0
648,Andy Warhol,Mercedes-Benz W 196 R Grand Prix Car,11.12.2013 ,"13,045,000 ","Streamlined Version, 1954 ",0
649,Pablo Picasso,Deux femmes et enfant,05.06.2014 ,"13,045,000 ", ,0
650,Alberto Giacometti,La place,05.07.2014 ,"13,045,000 ", ,1
651,Claude Monet,L′entrée de Giverny en hiver,02.08.2012 ,"13,009,550 ", ,0
652,Marc Chagall,Les trois acrobates,05.08.2013 ,"13,003,750 ", ,0
653,Henri de Toulouse-Lautrec,"Fille a la fourrure, mademoiselle Jeanne Fontaine",05.15.1990 ,"12,980,000 ", ,0
654,,The Temple of Jupiter Panellenius Restored,01.29.2009 ,"12,962,500 ", ,0
655,,Zwei Kerzen,11.10.2010 ,"12,962,500 ",499-2 ,0
656,Fra Bartolommeo,The Madonna and Child,01.30.2013 ,"12,962,500 ", ,0
657,René Magritte,Le beau monde,02.05.2014 ,"12,920,013 ", ,0
658,Ernst Ludwig Kirchner,Dodo mit grossem Fächer,05.09.2007 ,"12,920,000 ", ,0
659,Pablo Picasso,"Tête de femme, Jacqueline",02.02.2010 ,"12,916,526 ", ,0
660,Henri Matisse,Figure décorative,11.07.2006 ,"12,896,000 ", ,1
661,Pablo Picasso,Femmes à la fontaine,11.08.2006 ,"12,896,000 ", ,0
662,Canaletto,"The Molo, Venice, from the Bacino di San Marco",07.02.2013 ,"12,876,435 ", ,0
663,,Abstraktes Bild,02.12.2013 ,"12,846,624 ", ,0
664,Jean-Michel Basquiat,Palm Springs Jump,02.06.2008 ,"12,838,157 ", ,0
665,Bernardo Bellotto,Rome: The Forum with the Temple of Castor and Pollux; and The Temple of Antoninus and Faustina in the Forum,12.07.2006 ,"12,814,831 ", ,0
666,Lucio Fontana,"Concetto spaziale, attese",02.10.2015 ,"12,768,454 ", ,0
667,Jean-Michel Basquiat,Irony of Negro Policeman,06.28.2012 ,"12,737,263 ", ,0
668,Alberto Giacometti,Femme de Venise IV,05.06.2014 ,"12,709,000 ", ,1
669,Constantin Brancusi,Prométhée,05.02.2012 ,"12,682,500 ", ,1
670,Paul Gauguin,Incantation,06.23.2003 ,"12,679,421 ", ,0
671,René Magritte,L′Empire des lumières,05.07.2002 ,"12,659,500 ", ,0
672,Rembrandt Harmensz van Rijn,Portrait of a bearded man in a red doublet,01.26.2001 ,"12,656,000 ", ,1
673,Joan Miró,Portrait de Mme K.,11.06.2001 ,"12,656,000 ", ,0
674,Henri Matisse,Figure decorative,05.10.2001 ,"12,655,750 ", ,0
675,Paul Cézanne,Les toits de l′Estaque,05.12.1997 ,"12,652,500 ", ,0
676,Paul Cézanne,Compotier et assiette de biscuits,11.06.2007 ,"12,641,000 ", ,0
677,Andy Warhol,Liz,05.10.2005 ,"12,616,000 ", ,0
678,Wassily Kandinsky,Schwarz und Violett,11.05.2013 ,"12,597,000 ", ,0
679,Joan Miró,Le serpent à coquelicots traînant sur un champ de violettes peuplé par des lézards en deuil,05.06.2014 ,"12,485,000 ", ,1
680,Thomas Moran,The Grand Canyon of the Colorado,05.22.2014 ,"12,485,000 ", ,1
681,Andy Warhol,Mao,02.12.2014 ,"12,466,895 ", ,1
682,Edgar Degas,La Sortie du bain,06.19.2006 ,"12,454,874 ", ,0
683,Amedeo Modigliani,Nu assis au collier,05.10.1995 ,"12,432,500 ", ,0
684,Yves Klein,Anthropométrie Le buffle,05.11.2010 ,"12,402,500 ","ANT 93"" ",0
685,Willem de Kooning,Untitled VI,05.10.2012 ,"12,402,500 ", ,1
686,Constantin Brancusi,Une muse,11.07.2012 ,"12,402,500 ", ,1
687,,Kegel,11.15.2012 ,"12,402,500 ",Cone ,0
688,Andy Warhol,Nine Jackies,11.15.2012 ,"12,402,500 ", ,1
689,Egon Schiele,Liebespaar,02.05.2013 ,"12,390,113 ",Selbstdarstellung mit Wally ,0
690,Henri Matisse,"Femme a L′Ombrelle rouge, assise de profil",10.18.1989 ,"12,375,000 ", ,0
691,Paul Gauguin,Nature morte aux fruits et piments,11.06.2007 ,"12,361,000 ", ,0
692,Andy Warhol,Self-Portrait,11.14.2007 ,"12,361,000 ",Green Camouflage ,0
693,Pablo Picasso,"Partition, Guitare, Compotier",05.06.2008 ,"12,361,000 ", ,1
694,Fernand Léger,Les maisons dans les arbres,02.06.2007 ,"12,346,792 ", ,0
695,Michelangelo (Buonarroti),The Risen Christ,07.04.2000 ,"12,320,348 ", ,0
696,Pierre-Auguste Renoir,Femmes dans un jardin,11.07.2007 ,"12,249,000 ", ,1
697,Edgar Degas,"Après le bain, femme s�essuyant",02.05.2013 ,"12,214,038 ", ,0
698,Mark Rothko,Untitled,05.14.2014 ,"12,205,000 ", ,1
699,Pablo Picasso,Femme au béret orange et au col de fourrure,11.05.2013 ,"12,149,000 ",Marie-Thérèse ,0
700,Zhang Xiaogang,Bloodline: Big family no. 3,04.05.2014 ,"12,144,809 ", ,1
701,Claude Monet,Champ de blé,11.08.2012 ,"12,122,500 ", ,0
702,Claude Monet,"La Cathédrale de Rouen, effet d′après-midi",06.26.1995 ,"12,107,656 ","le portail, plein soleil ",0
703,Pablo Picasso,Garçon à la collerette,11.07.1995 ,"12,102,500 ", ,0
704,Claude Monet,Le Grand Canal,05.13.1998 ,"12,102,500 ", ,1
705,Claude Monet,Le bassin aux nymphéas,11.11.1992 ,"12,100,000 ", ,0
706,Mark Rothko,Untitled,11.14.2007 ,"12,081,000 ", ,0
707,Willem de Kooning,Untitled IV,05.13.2008 ,"12,081,000 ", ,0
708,Nikolai Konstantinovich Roerich,Madonna Laboris,06.05.2013 ,"12,065,406 ", ,0
709,Attributed To Aqa Mirak,Faridun in the guise of a dragon tests his sons,04.06.2011 ,"12,039,635 ",folio from The Shahnameh of Shah Tahmasp ,0
710,Jean-Michel Basquiat,Untitled,11.12.2013 ,"12,037,000 ",Head of Madman ,0
711,Pablo Picasso,Mère et enfant,05.11.1995 ,"11,992,500 ", ,0
712,Claude Monet,Meule,05.11.1999 ,"11,992,500 ", ,0
713,Peter Doig,The Architect′s Home in the Ravine,02.13.2013 ,"11,975,939 ", ,1
714,,Wolke,02.12.2013 ,"11,965,128 ",Cloud ,1
715,Peter Doig,Road House,05.12.2014 ,"11,925,000 ", ,0
716,Joan Mitchell,Untitled,05.13.2014 ,"11,925,000 ", ,0
717,Amedeo Modigliani,Jeune fille au béret,02.06.2007 ,"11,907,236 ", ,0
718,Edgar Degas,Petite danseuse de quatorze ans,11.12.1996 ,"11,882,500 ", ,1
719,Auguste Rodin,Le Penseur. Taille de la Porte dit Moyen modèle,05.05.2010 ,"11,842,500 ", ,1
720,Roy Lichtenstein,Sailboats III,05.09.2012 ,"11,842,500 ", ,1
721,Pablo Picasso,La statuaire,11.10.1999 ,"11,827,500 ", ,0
722,Fernand Léger,"Etude pour les constructeurs, fond bleu",11.06.2007 ,"11,801,000 ", ,0
723,Pablo Picasso,Homme à la pipe,11.07.2007 ,"11,801,000 ", ,0
724,Jeff Koons,Diamond,11.13.2007 ,"11,801,000 ",Blue ,0
725,Jean-Michel Basquiat,Untitled,11.14.2007 ,"11,801,000 ",Electric Chair ,0
726,Jeff Koons,"New Hoover Convertibles, New Shelton Wet/Drys 5-Gallon, Double Decker",05.13.2008 ,"11,801,000 ", ,0
727,Paul Cézanne,Les grands arbres au Jas de Bouffan,05.04.2005 ,"11,776,000 ", ,1
728,Andy Warhol,Small Torn Campbell′s Soup Can,05.09.2006 ,"11,776,000 ",Pepper Pot ,0
729,Pablo Picasso,Nu accroupi,05.06.2004 ,"11,768,000 ", ,0
730,Vincent van Gogh,L′allée des Alyscamps,11.04.2003 ,"11,767,500 ", ,0
731,Wu Guanzhong,Former residence if Qiu Jin,12.03.2011 ,"11,754,068 ", ,0
732,Chaïm Soutine,Le valet de chambre,06.22.2010 ,"11,693,411 ", ,0
733,Georges Seurat,"étude pour une baignade, Asnières",02.03.2015 ,"11,690,208 ", ,0
734,Claude Monet,Nymphéas,05.06.2008 ,"11,689,000 ", ,0
735,Paul Signac,Arrière du Tub,05.09.2007 ,"11,688,000 ", ,0
736,Gustav Klimt,Dame mit facher,05.11.1994 ,"11,662,500 ", ,0
737,Jackson Pollock,"Number 12, 1949",05.11.2004 ,"11,655,500 ", ,1
738,Jan Brueghel the Elder,The Garden of Eden with the fall of man,07.09.2014 ,"11,651,322 ", ,0
739,Andy Warhol,Brigitte Bardot,11.11.2014 ,"11,645,000 ", ,0
740,Tang Yin,Landscape,06.03.2013 ,"11,622,978 ",+ colophon; smllr ,0
741,Zhang Daqian,Lady red whisk,05.10.2013 ,"11,604,628 ", ,0
742,,Abstraktes Bild,02.15.2011 ,"11,595,358 ", ,0
743,Domenico Gnoli,Black Hair,02.13.2014 ,"11,594,428 ", ,0
744,Ernst Ludwig Kirchner,Das boskett: Albertplatz in Dresden,02.08.2012 ,"11,591,003 ",The bosquet: Albertplatz in Dresden ,1
745,Pierre Bonnard,Terrasse à Vernon,02.09.2011 ,"11,590,311 ", ,0
746,Jeff Koons,Aqualung,05.12.2014 ,"11,589,000 ", ,0
747,Henri Matisse,L′artiste et le modèle nu,06.24.2014 ,"11,579,896 ", ,0
748,,Portrait d′Alfred et Elisabeth Dedreux,02.23.2009 ,"11,576,368 ", ,0
749,Paul Cézanne,Le château noir,11.19.1998 ,"11,552,500 ", ,0
750,Jackson Pollock,"Number 8, 1950",05.02.1989 ,"11,550,000 ", ,0
751,Vincent van Gogh,Carriere pres de Saint-Remy,11.15.1989 ,"11,550,000 ", ,0
752,Edgar Degas,Petite danseuse de quatorze ans,06.27.2000 ,"11,530,460 ", ,0
753,Pablo Picasso,Homme à lépée,06.24.2009 ,"11,524,964 ", ,0
754,Pablo Picasso,Nu accroupi,02.06.2013 ,"11,516,326 ", ,0
755,Alberto Giacometti,Trois hommes qui marchent I,11.06.2008 ,"11,506,500 ", ,1
756,Giacomo Balla,Automobile in Corsa,11.06.2013 ,"11,477,000 ", ,0
757,Marc Chagall,Le violoncelliste,02.05.2014 ,"11,458,816 ", ,0
758,Leonardo da Vinci,Horse and rider,07.10.2001 ,"11,458,773 ", ,0
759,Andrea del Sarto,"Head of Saint Joseph looking down, with a subsidiary study of his features",07.05.2005 ,"11,436,610 ", ,0
760,Amedeo Modigliani,Les deux filles,02.04.2015 ,"11,431,338 ", ,1
761,Pompeo Girolamo Batoni,Susanna and the Elders,01.31.2013 ,"11,394,500 ", ,0
762,Rembrandt Harmensz van Rijn,Self-portrait with shaded eyes,07.10.2003 ,"11,381,592 ", ,0
763,Andy Warhol,Flowers,11.13.2013 ,"11,365,000 ",Five foot flowers ,0
764,Pierre-Auguste Renoir,Jeunes filles jouant au volant,05.06.2014 ,"11,365,000 ", ,0
765,Jackson Pollock,"Number 5, 1951 Elegant Lady"";1951""",05.13.2014 ,"11,365,000 ", ,0
766,Andy Warhol,12 Mona Lisas,05.14.2014 ,"11,365,000 ",Reversal Series ,1
767,Jean-Michel Basquiat and Andy Warhol,Zenith,05.15.2014 ,"11,365,000 ", ,0
768,Pablo Picasso,Homme assis,11.04.2014 ,"11,365,000 ", ,0
769,Andy Warhol,Self-portrait,11.11.2014 ,"11,365,000 ",Fright wig ,1
770,Andy Warhol,Self-Portrait,11.12.2014 ,"11,365,000 ", ,1
771,Andy Warhol,Five Deaths on Orange,11.12.2014 ,"11,365,000 ", ,0
772,Robert Ryman,Link,11.12.2014 ,"11,365,000 ", ,0
773,Edouard Manet,Bouquet de pivoines,06.22.2010 ,"11,361,062 ", ,0
774,Egon Schiele,Selbstbildnis mit Kariertem Hemd,11.07.2007 ,"11,353,000 ",Self-portrait with Checkered Shirt ,0
775,Amedeo Modigliani,Garçon à la veste bleue,06.21.2004 ,"11,333,824 ", ,1
776,Egon Schiele,Selbstbildnis mit Modell,05.08.2013 ,"11,323,750 ",Fragment ,0
777,René Magritte,Les jours gigantesques,06.20.2012 ,"11,314,197 ", ,0
778,Egon Schiele,Porträt des Malers Anton Peschka,02.05.2001 ,"11,312,041 ", ,1
779,Kees van Dongen,La gitane,02.02.2010 ,"11,310,178 ", ,0
780,Claude Monet,"Santa Maria della salute et le grand canal, Venise",04.04.1989 ,"11,309,624 ", ,0
781,Peter Doig,Jetty,06.25.2013 ,"11,302,082 ", ,0
782,,Abstraktes Bild,11.09.2010 ,"11,282,500 ", ,1
783,Paul Gauguin,Jeune tahitienne,05.03.2011 ,"11,282,500 ", ,0
784,Alexej Jawlensky,Frau mit grünem Fächer,05.03.2011 ,"11,282,500 ",Woman with a green fan ,0
785,Alberto Giacometti,La Jambe,11.07.2012 ,"11,282,500 ", ,0
786,Pablo Picasso,Femme au chapeau,02.04.2008 ,"11,268,375 ", ,0
787,Peter Doig,White Canoe,02.07.2007 ,"11,259,368 ", ,0
788,Canaletto,Le retour du bucentaure le jour de l′ascension,12.15.1993 ,"11,259,300 ", ,0
789,Alberto Giacometti,Annette au manteau,11.06.2007 ,"11,241,000 ", ,0
790,,Düsenjäger,11.13.2007 ,"11,241,000 ", ,0
791,Jean-Michel Basquiat,Untitled,05.15.2008 ,"11,241,000 ",Fallen Angel ,0
792,Claude Monet,"Nymphéas, temps gris",05.02.2006 ,"11,216,000 ", ,0
793,Egon Schiele,Kniender Halbakt nach links gebeugt,11.08.2006 ,"11,216,000 ", ,0
794,Willem de Kooning,Spike′s Folly I,11.12.2003 ,"11,208,000 ", ,0
795,Vincent van Gogh,Le pont de Trinquetaille,11.03.2004 ,"11,207,500 ", ,1
796,Zhang Daqian,Fairy scattering flowers,12.03.2010 ,"11,178,986 ", ,0
797,Pablo Picasso,La maternité,11.27.1989 ,"11,164,897 ", ,0
798,Andy Warhol,Three Marilyns,06.20.2007 ,"11,159,634 ", ,0
799,Canaletto,"The Campo Santi Giovanni e Paolo, Venice, with the west end of the church and the Scuola di San Marco",12.13.2000 ,"11,155,155 ", ,0
800,Claude Monet,"Le pont japonais, bassin aux nymphéas",11.28.1988 ,"11,154,130 ", ,0
801,Andy Warhol,Mao,06.28.2011 ,"11,146,363 ", ,0
802,Pablo Picasso,Femme nue couchée au collier,05.06.2014 ,"11,141,000 ", ,1
803,John Singer Sargent,Cashmere,12.05.1996 ,"11,112,500 ", ,0
804,Richard Diebenkorn,Ocean Park No. 46,05.14.2013 ,"11,085,000 ", ,0
805,Alberto Giacometti,Buste,02.05.2008 ,"11,079,692 ", ,0
806,,Studio painting,05.11.2010 ,"11,058,500 ",in 2 parts ,0
807,Franz Kline,De Medici,11.14.2012 ,"11,058,500 ", ,0
808,Kees van Dongen,L�Ouled Naïl,02.04.2008 ,"11,048,217 ", ,0
809,Pablo Picasso,Homme assis au fusil,02.04.2008 ,"11,048,217 ", ,0
810,Bernardo Bellotto,"The Grand Canal at the Church of San Stae, Venice",04.19.2007 ,"11,016,000 ", ,0
811,Joan Miró,Paysage sur les bords du fleuve amour,11.06.2001 ,"11,006,000 ", ,0
812,Mark Rothko,No.2,11.14.2000 ,"11,005,750 ","Blue, red and green ",0
813,Edgar Degas,Danseuses,05.13.1997 ,"11,002,500 ", ,0
814,Pablo Picasso,Les femmes d′Alger,11.10.1997 ,"11,002,500 ","Version M"" ",0
815,Paul Cézanne,L′Estaque vu à travers les pins,11.16.1998 ,"11,002,500 ", ,0
816,Pablo Picasso,Femme nue,11.17.1998 ,"11,002,500 ", ,0
817,Claude Monet,Les Trois Peupliers Temps Gris,11.11.1999 ,"11,002,500 ", ,0
818,Paul Gauguin,Entre Les Lys,11.15.1989 ,"11,000,000 ", ,0
819,Henri Matisse,L′Asie,11.10.1992 ,"11,000,000 ", ,0
820,Zao Wou-Ki,15.01.82,10.05.2013 ,"10,992,327 ",triptych ,0
821,Berthe Morisot,Après le déjeuner,02.06.2013 ,"10,987,798 ", ,1
822,Joan Miró,Peinture,05.08.2013 ,"10,987,750 ", ,1
823,,"The Blue Rigi: Lake of Lucerne, Sunrise",06.05.2006 ,"10,978,740 ", ,0
824,Pablo Picasso,Femme au chien,06.20.2012 ,"10,962,651 ", ,0
825,Henri Matisse,Robe jaune et robe arlequin,11.02.2005 ,"10,936,000 ",Nezy et Lydia ,1
826,Jasper Johns,0 Through 9,11.09.2004 ,"10,928,000 ", ,1
827,Brice Marden,The attended,11.13.2013 ,"10,917,000 ", ,0
828,Natalia Sergeevna Goncharova,Les fleurs,06.24.2008 ,"10,883,776 ", ,0
829,Pablo Picasso,Mousquetaire. Buste,06.25.2008 ,"10,875,482 ", ,0
830,Li Keran,Jinggang Mountains,11.26.2013 ,"10,851,253 ", ,0
831,Nikolai Fechin,The little cowboy,12.02.2010 ,"10,844,128 ", ,0
832,Andy Warhol,Self-Portrait,07.01.2014 ,"10,836,329 ",Fright Wig ,0
833,Edvard Munch,Summer Day,02.07.2006 ,"10,835,326 ", ,0
834,Maurice de Vlaminck,LES PECHEURS A NANTERRE,03.25.1990 ,"10,808,900 ", ,0
835,Roy Lichtenstein,Woman with Peanuts,11.11.2013 ,"10,805,000 ", ,0
836,Jean-Michel Basquiat,Blue Heads,11.12.2013 ,"10,805,000 ", ,1
837,René Magritte,Les chasseurs au bord de la nuit,02.04.2014 ,"10,775,583 ",The hunters at the edge of night ,0
838,Pieter Brueghel II,The Battle between Carnival and Lent,12.06.2011 ,"10,747,701 ", ,1
839,Jean-Michel Basquiat,Untitled,02.12.2013 ,"10,731,033 ",Pecho/Oreja ,1
840,Edgar Degas,Danseuses,11.03.2009 ,"10,722,500 ", ,0
841,Pablo Picasso,Le peintre et son modèle,05.04.2010 ,"10,722,500 ", ,0
842,,Spider,11.08.2011 ,"10,722,500 ", ,0
843,Andy Warhol,Ten-Foot Flowers,05.09.2012 ,"10,722,500 ", ,0
844,Johannes (van Delft) Vermeer,Saint Praxedis,07.08.2014 ,"10,699,021 ", ,0
845,,Pope′s Villa at Twickenham,07.09.2008 ,"10,692,026 ", ,0
846,Mark Rothko,Untitled,11.13.2007 ,"10,681,000 ",Black and Gray ,0
847,Tom Wesselmann,Great American Nude no. 48,05.14.2008 ,"10,681,000 ", ,0
848,,Photograph,05.15.2007 ,"10,680,000 ", ,0
849,Gino Severini,Ritmo astratto di madame M.S.,02.03.2015 ,"10,678,512 ",Abstract rhythm of madame M.S. ,0
850,Amedeo Modigliani,Paul Guillaume,06.18.2013 ,"10,657,038 ", ,1
851,Willem de Kooning,Untitled,11.08.2005 ,"10,656,000 ", ,0
852,Pablo Picasso,Le Fumeur,11.07.2006 ,"10,656,000 ", ,1
853,Willem de Kooning,Untitled XXX,11.14.2006 ,"10,656,000 ", ,0
854,Edgar Degas,Danseuse,05.06.2003 ,"10,648,000 ", ,0
855,Christopher Wool,Untitled,07.01.2014 ,"10,645,335 ", ,0
856,Wassily Kandinsky,"Murnau - Ansicht mit Burg, Kirche und Eisenbahn",02.06.2013 ,"10,635,446 ", ,0
857,Andy Warhol,Brigitte Bardot,02.08.2007 ,"10,633,358 ", ,0
858,Franz Marc,Kinderbild,06.24.2014 ,"10,626,608 ",Katze hinter einem Baum ,0
859,André Derain,"Bateaux dans le port, Collioure",06.26.1989 ,"10,614,035 ", ,0
860,Wassily Kandinsky,Krass und mild,11.04.2009 ,"10,610,500 ", ,0
861,Pablo Picasso,"Couple, le baiser",06.22.2011 ,"10,602,766 ", ,1
862,Henri Matisse,Nu au bord de la mer,02.23.2009 ,"10,570,731 ", ,0
863,Johann Joseph Zoffany,"The garden at Hampton house, with Mr. and Mrs. David Garrick taking tea",12.07.2011 ,"10,562,425 ","+ The Shakespeare temple at Hampton house, with Mr. and Mrs. David Garrick; pair ",0
864,Jean-Michel Basquiat and Andy Warhol,Olympics,06.28.2012 ,"10,552,283 ", ,0
865,Thomas Gainsborough,"Portrait of Mrs. William Villebois in masquerade dress, with a blue gown and a lace-edged satin skirt, holding a diaphanous wrap, beside a pilaster",07.05.2011 ,"10,516,474 ", ,0
866,Shi Tao,Arhat,12.05.2011 ,"10,474,904 ",set of 4 ,0
867,Andy Warhol,Little Electric Chair,05.12.2014 ,"10,469,000 ", ,0
868,Paul Cézanne,Environs de Gardanne,05.07.2008 ,"10,457,000 ", ,1
869,Henri Matisse,Nu couche I,05.07.2001 ,"10,452,500 ",Aurore ,1
870,Sandro Botticelli,The Rockefeller Madonna: Madonna and Child with Young Saint John the Baptist,01.30.2013 ,"10,442,500 ", ,1
871,Claude Monet,Nymphéas,11.05.2003 ,"10,424,000 ", ,1
872,Sanyu,Potted chrysanthemums,04.05.2014 ,"10,412,046 ", ,0
873,Claude Monet,Le Palais Dario,11.07.2007 ,"10,401,000 ", ,1
874,Paul Gauguin,Le vallon,06.21.2011 ,"10,389,629 ", ,0
875,Pablo Picasso,Buste D′Homme,11.04.2009 ,"10,386,500 ", ,0
876,Alexander Calder,Snow Flurry,05.08.2012 ,"10,386,500 ", ,0
877,Andy Warhol,Mao,05.10.2012 ,"10,386,500 ", ,1
878,Edward Hopper,Bridle Path,05.17.2012 ,"10,386,500 ", ,0
879,Rembrandt Harmensz van Rijn,Portrait of a Girl Wearing a Gold-Trimmed Cloak,12.01.1986 ,"10,381,800 ", ,0
880,Egon Schiele,Portrait of the Art Dealer Guido Arnot,10.18.2000 ,"10,377,920 ", ,0
881,Zhang Daqian,Lotus,05.28.2013 ,"10,370,055 ",set of 4 ,0
882,René Magritte,Le prêtre Marié,02.06.2007 ,"10,368,793 ", ,0
883,Claude Monet,Au Parc Monceau,06.23.2009 ,"10,360,044 ", ,1
884,Andrew Wyeth,Ericksons,05.24.2007 ,"10,344,000 ", ,0
885,Vincent van Gogh,Intérieur d′un Restaurant,04.30.1996 ,"10,342,500 ", ,0
886,Joan Miró,L′Air,11.03.2010 ,"10,330,500 ", ,0
887,Paul Cézanne,Pommes et gâteaux,11.01.2005 ,"10,320,000 ", ,0
888,Vincent van Gogh,La moisson en Provence,11.05.2003 ,"10,312,000 ", ,1
889,Edgar Degas,Petite danseuse de quatorze ans,05.07.2003 ,"10,311,500 ", ,1
890,Zao Wou-Ki,16.5.66.,10.05.2013 ,"10,270,165 ", ,0
891,Chen Yifei,Red flag 1,10.05.2013 ,"10,270,165 ", ,0
892,Lucio Fontana,"Concetto spaziale, Attese",07.01.2014 ,"10,263,348 ", ,0
893,Alberto Giacometti,Femme de Venise V,02.04.2015 ,"10,250,007 ", ,1
894,Vincent van Gogh,Jardin à Auvers,12.06.1992 ,"10,245,900 ", ,0
895,Richard Diebenkorn,Ocean park #20,05.14.2014 ,"10,245,000 ", ,1
896,Cy Twombly,Untitled,05.14.2014 ,"10,245,000 ", ,0
897,Willem de Kooning,Montauk III,05.14.2014 ,"10,245,000 ", ,1
898,Andy Warhol,Flowers,05.15.2014 ,"10,245,000 ", ,0
899,Natalia Sergeevna Goncharova,Espagnole,02.02.2010 ,"10,239,278 ", ,0
900,Andy Warhol,Silver Liz,06.30.2010 ,"10,189,880 ", ,0
901,Zhang Xiaogang,Forever lasting love,04.03.2011 ,"10,164,566 ",triptych ,0
902,Philip Guston,Beggar′s Joys,11.11.2008 ,"10,162,500 ", ,0
903,Hendrick ter Brugghen,Bagpipe Player in Profile,01.30.2009 ,"10,162,500 ", ,0
904,Peter Doig,Reflection,11.10.2009 ,"10,162,500 ",What does your soul look like ,0
905,Georges Braque,La Treille,05.04.2010 ,"10,162,500 ", ,0
906,Pierre-Auguste Renoir,"Femme nue couchée, Gabrielle",05.04.2010 ,"10,162,500 ", ,0
907,Roy Lichtenstein,Untitled composition,05.11.2010 ,"10,162,500 ", ,0
908,René Magritte,Les vacances de Hegel,11.01.2011 ,"10,162,500 ", ,0
909,Donald Judd,Untitled,11.14.2012 ,"10,162,500 ",Bernstein 89-24 ,0
910,Jean-Michel Basquiat,Humidity,11.15.2012 ,"10,162,500 ", ,0
911,Henri de Toulouse-Lautrec,Au bal de l′opéra,11.06.2007 ,"10,121,000 ", ,0
912,Henri Matisse,Espagnole,11.07.2007 ,"10,121,000 ",Buste ,0
913,Lyonel Feininger,Die Grüne Brücke,11.07.2007 ,"10,121,000 ",The Green Bridge ,1
914,Fernand Léger,Les femmes à la toilette,05.06.2008 ,"10,121,000 ", ,1
915,Alberto Giacometti,Femme de Venise VIII,05.07.2008 ,"10,121,000 ", ,0
916,Piero Manzoni,Achrome,05.14.2008 ,"10,121,000 ", ,0
917,Maurice de Vlaminck,La Seine à Chatou,02.04.2002 ,"10,115,597 ", ,1
918,Mark Rothko,Untitled,05.11.2005 ,"10,096,000 ", ,0
919,Francis Bacon,Study for a Pope I,11.08.2005 ,"10,096,000 ", ,0
920,Pablo Picasso,Arlequin au baton,05.03.2006 ,"10,096,000 ", ,0
921,Willem de Kooning,Untitled,05.09.2006 ,"10,096,000 ", ,0
922,Paul Cézanne,Portrait de femme,11.03.2004 ,"10,087,500 ", ,0
923,Huang Binhong,View of south peak,05.18.2014 ,"10,054,544 ", ,0
924,Francis Bacon,Two Men Working in a Field,06.20.2007 ,"10,047,642 ", ,0
925,,Wolken,10.13.2014 ,"10,037,940 ",Fenster Clouds Window in 4 parts ,1
926,Dong Qichang,Fuchun mountains after Huang Gongwang,10.29.2012 ,"10,036,350 ",+ colophons by various artists ,0
927,John William Waterhouse,"St Cecilia ′In a clear walled city on the sea, Near gilded organ pipes",06.14.2000 ,"9,960,407 ", ,0
928,Wassily Kandinsky,Studie für Herbstlandschaft mit Booten,06.19.2013 ,"9,955,595 ",Study for autumn landscape with boats ,0
929,Cui Ruzhuo,Snowy Mountains,05.28.2013 ,"9,937,272 ",set of 8 ,1
930,Joan Miró,Femme,02.06.2013 ,"9,930,742 ",Femme debout ,0
931,Alberto Giacometti,Stèle III,11.05.2014 ,"9,909,000 ", ,0
932,Claude Monet,Nymphéas,05.09.2001 ,"9,906,000 ", ,0
933,Bruce Nauman,Henry Moore bound to fail,05.17.2001 ,"9,906,000 ",Back view ,0
934,Egon Schiele,Haut mit trockender Wäsche,11.05.2001 ,"9,906,000 ", ,0
935,Pablo Picasso,Compotier et guitare,05.10.2000 ,"9,905,750 ", ,1
936,Amedeo Modigliani,Portrait de Jeanne Hébuterne assise dans un fauteuil,11.16.1998 ,"9,902,500 ", ,0
937,Vincent van Gogh,Paysage au soleil levant,04.24.1985 ,"9,900,000 ", ,0
938,Marc Chagall,Au Dessus de la ville,05.15.1990 ,"9,900,000 ", ,0
939,Fernand Léger,Les Maisons sous les Arbres,11.14.1990 ,"9,900,000 ", ,0
940,Jean-Michel Basquiat,Untitled,11.13.2007 ,"9,897,000 ",Black Figure ,0
941,Joan Miró,Projet pour un monument,05.09.2007 ,"9,896,000 ", ,0
942,Peter Doig,Red boat,06.28.2011 ,"9,895,335 ",Imaginary boys ,0
943,Pablo Picasso,Le Repos,05.01.2012 ,"9,882,500 ",Marie-Thérèse Walter ,1
944,Clyfford Still,1948-H,11.13.2012 ,"9,882,500 ", ,0
945,Jean-Michel Basquiat,Grillo,06.22.2007 ,"9,857,406 ", ,0
946,Pablo Picasso,Famille d′arlequin,05.08.2007 ,"9,840,000 ", ,0
947,Donald Judd,"Untitled, 1977",05.16.2007 ,"9,840,000 ",77-41 BERNSTEIN ,0
948,Xu Beihong,Riding a donkey in spring,06.03.2010 ,"9,838,225 ", ,0
949,Henri Matisse,Nu à la chaise longue,06.23.2010 ,"9,826,927 ", ,0
950,Andy Warhol,Four Campbell′s soup cans,11.08.2011 ,"9,826,500 ", ,0
951,,Abstract Painting,11.14.2007 ,"9,785,000 ",596 ,0
952,Natalia Sergeevna Goncharova,Picking apples,06.18.2007 ,"9,780,712 ", ,0
953,Claude Monet,Le pont de bois,06.19.2013 ,"9,780,125 ", ,0
954,Willem de Kooning,Untitled XVII,05.15.2013 ,"9,755,750 ", ,1
955,Edgar Degas,Danseuse rajustant sa sandale,02.05.2008 ,"9,754,978 ", ,1
956,Wu Guanzhong,Shrubalthea,06.03.2011 ,"9,754,028 ", ,0
957,Pablo Picasso,Nu couché,11.05.2003 ,"9,752,000 ", ,0
958,Giovanni da Rimini,Episodes from the lives of the Virgin and other saints,07.09.2014 ,"9,732,986 ", ,0
959,Paul Signac,"La Corne d′Or, les minarets",06.20.2012 ,"9,732,242 ", ,0
960,Pablo Picasso,Homme assis,06.19.2012 ,"9,726,661 ", ,0
961,Canaletto,"Venice, the entrance to the Grand Canal, with the Church of Santa Maria Della Salute seen from the Piazzetta; Venice, a view of the Church of SS. Giovanni E Paolo and the Scuola di San Marco, with the monument to Bartolommeo Colleoni",12.05.2007 ,"9,716,879 ", ,0
962,Pablo Picasso,Homme assis sur une chaise,02.02.2010 ,"9,703,829 ", ,0
963,Sir Stanley Spencer,Christ Preaching at Cookham Regatta: Conversation Between Punts,11.20.2013 ,"9,693,998 ", ,0
964,Pablo Picasso,Buste d′homme,05.07.2013 ,"9,685,000 ", ,0
965,Paul Gauguin,Petit Breton à l′oie,11.06.2013 ,"9,685,000 ", ,1
966,Claude Monet,La jetee du havre,05.12.1993 ,"9,682,500 ", ,0
967,Alexander Calder,Rouge triomphant,06.27.2012 ,"9,676,430 ",Triumphant Red ,0
968,Edward Hicks,The Peaceable Kingdom with the Leopard of Serenity,05.22.2008 ,"9,673,000 ", ,0
969,Zeng Fanzhi,Mask Series 1996 No. 6,05.24.2008 ,"9,662,114 ", ,0
970,Robert Ryman,Untitled,05.10.2006 ,"9,648,000 ", ,0
971,Willem de Kooning,Woman,11.15.2006 ,"9,648,000 ",Seated Woman I ,0
972,Alberto Giacometti,Grande femme debout IV,11.05.2003 ,"9,640,000 ", ,0
973,Piet Mondrian,Façade in tan and grey,11.15.1989 ,"9,625,000 ", ,0
974,Brice Marden,Cold mountain I,05.12.2010 ,"9,602,500 ",Path ,0
975,Mark Rothko,No. 18,11.10.2010 ,"9,602,500 ",Brown and black on plum ,0
976,Pablo Picasso,Couple à la guitare,05.03.2011 ,"9,602,500 ", ,0
977,Francis Bacon,Untitled,05.11.2011 ,"9,602,500 ",Crouching nude on rail ,0
978,Claude Monet,Les demoiselles de Giverny,05.01.2012 ,"9,602,500 ", ,0
979,Edward Hopper,October on Cape Cod,11.28.2012 ,"9,602,500 ", ,0
980,Frans Hals I,"Portrait of Samuel Ampzing, half length",12.05.2007 ,"9,601,704 ", ,0
981,Pablo Picasso,Femme assise dans un fauteuil,06.18.2013 ,"9,601,058 ", ,1
982,Zhang Daqian,Children playing under a pomegranate tree,05.31.2011 ,"9,583,530 ", ,0
983,Qi Baishi,Grass and insects,06.03.2011 ,"9,576,682 ",alb. w/16 works ,0
984,Giovanni Segantini,Primavera sulle alpi,11.09.1999 ,"9,572,500 ", ,0
985,Henri Matisse,Le Géranium,05.07.2008 ,"9,561,000 ", ,0
986,Andy Warhol,Detail of the Last Supper,05.14.2008 ,"9,561,000 ",Christ 112 Times Yellow ,0
987,Jean-Michel Basquiat,Untitled,05.14.2008 ,"9,561,000 ",Prophet I ,0
988,Paul Signac,Constantinople - Corne d′or,06.18.2007 ,"9,559,321 ", ,0
989,Cai Guo Qiang,Drawing for Asia-pacific Economic Cooperation,11.25.2007 ,"9,548,228 ", ,0
990,Zhang Daqian,Daoist goddess playing panpipe,05.27.2013 ,"9,536,352 ", ,0
991,Roy Lichtenstein,Yellow and White Brushstrokes,11.15.2006 ,"9,536,000 ", ,0
992,Ernst Ludwig Kirchner,Gruppe Badender am Strand,02.05.2008 ,"9,534,192 ",Group of Bathers on the Beach ,0
993,Auguste Rodin,"Le Penseur, taille de la porte dit moyen modèle",02.03.2015 ,"9,498,200 ", ,0
994,Wassily Kandinsky,Moskau II,02.03.2015 ,"9,498,200 ",Moscow II ,0
995,Georges Braque,Femme lisant,12.02.1986 ,"9,484,121 ", ,0
996,Vincent van Gogh,Deux crabes,06.21.2004 ,"9,480,882 ", ,0
997,Wassily Kandinsky,Herbstlandschaft,06.23.2014 ,"9,479,320 ",Autumn landscape ,1
998,Chaïm Soutine,Le pâtissier de Cagnes,02.07.2005 ,"9,460,270 ", ,0
999,Claude Monet,Nymphéas,11.13.1990 ,"9,460,000 ", ,0
